,season,round,circuit_id,lat,long,country,date,url
0,1985,1,jacarepagua,-22.9756,-43.395,Brazil,1985-04-07,http://en.wikipedia.org/wiki/1985_Brazilian_Grand_Prix
1,1985,2,estoril,38.7506,-9.39417,Portugal,1985-04-21,http://en.wikipedia.org/wiki/1985_Portuguese_Grand_Prix
2,1985,3,imola,44.3439,11.7167,Italy,1985-05-05,http://en.wikipedia.org/wiki/1985_San_Marino_Grand_Prix
3,1985,4,monaco,43.7347,7.42056,Monaco,1985-05-19,http://en.wikipedia.org/wiki/1985_Monaco_Grand_Prix
4,1985,5,villeneuve,45.5,-73.5228,Canada,1985-06-16,http://en.wikipedia.org/wiki/1985_Canadian_Grand_Prix
5,1985,6,detroit,42.3298,-83.0401,USA,1985-06-23,http://en.wikipedia.org/wiki/1985_Detroit_Grand_Prix
6,1985,7,ricard,43.2506,5.79167,France,1985-07-07,http://en.wikipedia.org/wiki/1985_French_Grand_Prix
7,1985,8,silverstone,52.0786,-1.01694,UK,1985-07-21,http://en.wikipedia.org/wiki/1985_British_Grand_Prix
8,1985,9,nurburgring,50.3356,6.9475,Germany,1985-08-04,http://en.wikipedia.org/wiki/1985_German_Grand_Prix
9,1985,10,osterreichring,47.2197,14.7647,Austria,1985-08-18,http://en.wikipedia.org/wiki/1985_Austrian_Grand_Prix
10,1985,11,zandvoort,52.3888,4.54092,Netherlands,1985-08-25,http://en.wikipedia.org/wiki/1985_Dutch_Grand_Prix
11,1985,12,monza,45.6156,9.28111,Italy,1985-09-08,http://en.wikipedia.org/wiki/1985_Italian_Grand_Prix
12,1985,13,spa,50.4372,5.97139,Belgium,1985-09-15,http://en.wikipedia.org/wiki/1985_Belgian_Grand_Prix
13,1985,14,brands_hatch,51.3569,0.263056,UK,1985-10-06,http://en.wikipedia.org/wiki/1985_European_Grand_Prix
14,1985,15,kyalami,-25.9894,28.0767,South Africa,1985-10-19,http://en.wikipedia.org/wiki/1985_South_African_Grand_Prix
15,1985,16,adelaide,-34.9272,138.617,Australia,1985-11-03,http://en.wikipedia.org/wiki/1985_Australian_Grand_Prix
16,1986,1,jacarepagua,-22.9756,-43.395,Brazil,1986-03-23,http://en.wikipedia.org/wiki/1986_Brazilian_Grand_Prix
17,1986,2,jerez,36.7083,-6.03417,Spain,1986-04-13,http://en.wikipedia.org/wiki/1986_Spanish_Grand_Prix
18,1986,3,imola,44.3439,11.7167,Italy,1986-04-27,http://en.wikipedia.org/wiki/1986_San_Marino_Grand_Prix
19,1986,4,monaco,43.7347,7.42056,Monaco,1986-05-11,http://en.wikipedia.org/wiki/1986_Monaco_Grand_Prix
20,1986,5,spa,50.4372,5.97139,Belgium,1986-05-25,http://en.wikipedia.org/wiki/1986_Belgian_Grand_Prix
21,1986,6,villeneuve,45.5,-73.5228,Canada,1986-06-15,http://en.wikipedia.org/wiki/1986_Canadian_Grand_Prix
22,1986,7,detroit,42.3298,-83.0401,USA,1986-06-22,http://en.wikipedia.org/wiki/1986_Detroit_Grand_Prix
23,1986,8,ricard,43.2506,5.79167,France,1986-07-06,http://en.wikipedia.org/wiki/1986_French_Grand_Prix
24,1986,9,brands_hatch,51.3569,0.263056,UK,1986-07-13,http://en.wikipedia.org/wiki/1986_British_Grand_Prix
25,1986,10,hockenheimring,49.3278,8.56583,Germany,1986-07-27,http://en.wikipedia.org/wiki/1986_German_Grand_Prix
26,1986,11,hungaroring,47.5789,19.2486,Hungary,1986-08-10,http://en.wikipedia.org/wiki/1986_Hungarian_Grand_Prix
27,1986,12,osterreichring,47.2197,14.7647,Austria,1986-08-17,http://en.wikipedia.org/wiki/1986_Austrian_Grand_Prix
28,1986,13,monza,45.6156,9.28111,Italy,1986-09-07,http://en.wikipedia.org/wiki/1986_Italian_Grand_Prix
29,1986,14,estoril,38.7506,-9.39417,Portugal,1986-09-21,http://en.wikipedia.org/wiki/1986_Portuguese_Grand_Prix
30,1986,15,rodriguez,19.4042,-99.0907,Mexico,1986-10-12,http://en.wikipedia.org/wiki/1986_Mexican_Grand_Prix
31,1986,16,adelaide,-34.9272,138.617,Australia,1986-10-26,http://en.wikipedia.org/wiki/1986_Australian_Grand_Prix
32,1987,1,jacarepagua,-22.9756,-43.395,Brazil,1987-04-12,http://en.wikipedia.org/wiki/1987_Brazilian_Grand_Prix
33,1987,2,imola,44.3439,11.7167,Italy,1987-05-03,http://en.wikipedia.org/wiki/1987_San_Marino_Grand_Prix
34,1987,3,spa,50.4372,5.97139,Belgium,1987-05-17,http://en.wikipedia.org/wiki/1987_Belgian_Grand_Prix
35,1987,4,monaco,43.7347,7.42056,Monaco,1987-05-31,http://en.wikipedia.org/wiki/1987_Monaco_Grand_Prix
36,1987,5,detroit,42.3298,-83.0401,USA,1987-06-21,http://en.wikipedia.org/wiki/1987_Detroit_Grand_Prix
37,1987,6,ricard,43.2506,5.79167,France,1987-07-05,http://en.wikipedia.org/wiki/1987_French_Grand_Prix
38,1987,7,silverstone,52.0786,-1.01694,UK,1987-07-12,http://en.wikipedia.org/wiki/1987_British_Grand_Prix
39,1987,8,hockenheimring,49.3278,8.56583,Germany,1987-07-26,http://en.wikipedia.org/wiki/1987_German_Grand_Prix
40,1987,9,hungaroring,47.5789,19.2486,Hungary,1987-08-09,http://en.wikipedia.org/wiki/1987_Hungarian_Grand_Prix
41,1987,10,osterreichring,47.2197,14.7647,Austria,1987-08-16,http://en.wikipedia.org/wiki/1987_Austrian_Grand_Prix
42,1987,11,monza,45.6156,9.28111,Italy,1987-09-06,http://en.wikipedia.org/wiki/1987_Italian_Grand_Prix
43,1987,12,estoril,38.7506,-9.39417,Portugal,1987-09-20,http://en.wikipedia.org/wiki/1987_Portuguese_Grand_Prix
44,1987,13,jerez,36.7083,-6.03417,Spain,1987-09-27,http://en.wikipedia.org/wiki/1987_Spanish_Grand_Prix
45,1987,14,rodriguez,19.4042,-99.0907,Mexico,1987-10-18,http://en.wikipedia.org/wiki/1987_Mexican_Grand_Prix
46,1987,15,suzuka,34.8431,136.541,Japan,1987-11-01,http://en.wikipedia.org/wiki/1987_Japanese_Grand_Prix
47,1987,16,adelaide,-34.9272,138.617,Australia,1987-11-15,http://en.wikipedia.org/wiki/1987_Australian_Grand_Prix
48,1988,1,jacarepagua,-22.9756,-43.395,Brazil,1988-04-03,http://en.wikipedia.org/wiki/1988_Brazilian_Grand_Prix
49,1988,2,imola,44.3439,11.7167,Italy,1988-05-01,http://en.wikipedia.org/wiki/1988_San_Marino_Grand_Prix
50,1988,3,monaco,43.7347,7.42056,Monaco,1988-05-15,http://en.wikipedia.org/wiki/1988_Monaco_Grand_Prix
51,1988,4,rodriguez,19.4042,-99.0907,Mexico,1988-05-29,http://en.wikipedia.org/wiki/1988_Mexican_Grand_Prix
52,1988,5,villeneuve,45.5,-73.5228,Canada,1988-06-12,http://en.wikipedia.org/wiki/1988_Canadian_Grand_Prix
53,1988,6,detroit,42.3298,-83.0401,USA,1988-06-19,http://en.wikipedia.org/wiki/1988_Detroit_Grand_Prix
54,1988,7,ricard,43.2506,5.79167,France,1988-07-03,http://en.wikipedia.org/wiki/1988_French_Grand_Prix
55,1988,8,silverstone,52.0786,-1.01694,UK,1988-07-10,http://en.wikipedia.org/wiki/1988_British_Grand_Prix
56,1988,9,hockenheimring,49.3278,8.56583,Germany,1988-07-24,http://en.wikipedia.org/wiki/1988_German_Grand_Prix
57,1988,10,hungaroring,47.5789,19.2486,Hungary,1988-08-07,http://en.wikipedia.org/wiki/1988_Hungarian_Grand_Prix
58,1988,11,spa,50.4372,5.97139,Belgium,1988-08-28,http://en.wikipedia.org/wiki/1988_Belgian_Grand_Prix
59,1988,12,monza,45.6156,9.28111,Italy,1988-09-11,http://en.wikipedia.org/wiki/1988_Italian_Grand_Prix
60,1988,13,estoril,38.7506,-9.39417,Portugal,1988-09-25,http://en.wikipedia.org/wiki/1988_Portuguese_Grand_Prix
61,1988,14,jerez,36.7083,-6.03417,Spain,1988-10-02,http://en.wikipedia.org/wiki/1988_Spanish_Grand_Prix
62,1988,15,suzuka,34.8431,136.541,Japan,1988-10-30,http://en.wikipedia.org/wiki/1988_Japanese_Grand_Prix
63,1988,16,adelaide,-34.9272,138.617,Australia,1988-11-13,http://en.wikipedia.org/wiki/1988_Australian_Grand_Prix
64,1989,1,jacarepagua,-22.9756,-43.395,Brazil,1989-03-26,http://en.wikipedia.org/wiki/1989_Brazilian_Grand_Prix
65,1989,2,imola,44.3439,11.7167,Italy,1989-04-23,http://en.wikipedia.org/wiki/1989_San_Marino_Grand_Prix
66,1989,3,monaco,43.7347,7.42056,Monaco,1989-05-07,http://en.wikipedia.org/wiki/1989_Monaco_Grand_Prix
67,1989,4,rodriguez,19.4042,-99.0907,Mexico,1989-05-28,http://en.wikipedia.org/wiki/1989_Mexican_Grand_Prix
68,1989,5,phoenix,33.4479,-112.075,USA,1989-06-04,http://en.wikipedia.org/wiki/1989_United_States_Grand_Prix
69,1989,6,villeneuve,45.5,-73.5228,Canada,1989-06-18,http://en.wikipedia.org/wiki/1989_Canadian_Grand_Prix
70,1989,7,ricard,43.2506,5.79167,France,1989-07-09,http://en.wikipedia.org/wiki/1989_French_Grand_Prix
71,1989,8,silverstone,52.0786,-1.01694,UK,1989-07-16,http://en.wikipedia.org/wiki/1989_British_Grand_Prix
72,1989,9,hockenheimring,49.3278,8.56583,Germany,1989-07-30,http://en.wikipedia.org/wiki/1989_German_Grand_Prix
73,1989,10,hungaroring,47.5789,19.2486,Hungary,1989-08-13,http://en.wikipedia.org/wiki/1989_Hungarian_Grand_Prix
74,1989,11,spa,50.4372,5.97139,Belgium,1989-08-27,http://en.wikipedia.org/wiki/1989_Belgian_Grand_Prix
75,1989,12,monza,45.6156,9.28111,Italy,1989-09-10,http://en.wikipedia.org/wiki/1989_Italian_Grand_Prix
76,1989,13,estoril,38.7506,-9.39417,Portugal,1989-09-24,http://en.wikipedia.org/wiki/1989_Portuguese_Grand_Prix
77,1989,14,jerez,36.7083,-6.03417,Spain,1989-10-01,http://en.wikipedia.org/wiki/1989_Spanish_Grand_Prix
78,1989,15,suzuka,34.8431,136.541,Japan,1989-10-22,http://en.wikipedia.org/wiki/1989_Japanese_Grand_Prix
79,1989,16,adelaide,-34.9272,138.617,Australia,1989-11-05,http://en.wikipedia.org/wiki/1989_Australian_Grand_Prix
80,1990,1,phoenix,33.4479,-112.075,USA,1990-03-11,http://en.wikipedia.org/wiki/1990_United_States_Grand_Prix
81,1990,2,interlagos,-23.7036,-46.6997,Brazil,1990-03-25,http://en.wikipedia.org/wiki/1990_Brazilian_Grand_Prix
82,1990,3,imola,44.3439,11.7167,Italy,1990-05-13,http://en.wikipedia.org/wiki/1990_San_Marino_Grand_Prix
83,1990,4,monaco,43.7347,7.42056,Monaco,1990-05-27,http://en.wikipedia.org/wiki/1990_Monaco_Grand_Prix
84,1990,5,villeneuve,45.5,-73.5228,Canada,1990-06-10,http://en.wikipedia.org/wiki/1990_Canadian_Grand_Prix
85,1990,6,rodriguez,19.4042,-99.0907,Mexico,1990-06-24,http://en.wikipedia.org/wiki/1990_Mexican_Grand_Prix
86,1990,7,ricard,43.2506,5.79167,France,1990-07-08,http://en.wikipedia.org/wiki/1990_French_Grand_Prix
87,1990,8,silverstone,52.0786,-1.01694,UK,1990-07-15,http://en.wikipedia.org/wiki/1990_British_Grand_Prix
88,1990,9,hockenheimring,49.3278,8.56583,Germany,1990-07-29,http://en.wikipedia.org/wiki/1990_German_Grand_Prix
89,1990,10,hungaroring,47.5789,19.2486,Hungary,1990-08-12,http://en.wikipedia.org/wiki/1990_Hungarian_Grand_Prix
90,1990,11,spa,50.4372,5.97139,Belgium,1990-08-26,http://en.wikipedia.org/wiki/1990_Belgian_Grand_Prix
91,1990,12,monza,45.6156,9.28111,Italy,1990-09-09,http://en.wikipedia.org/wiki/1990_Italian_Grand_Prix
92,1990,13,estoril,38.7506,-9.39417,Portugal,1990-09-23,http://en.wikipedia.org/wiki/1990_Portuguese_Grand_Prix
93,1990,14,jerez,36.7083,-6.03417,Spain,1990-09-30,http://en.wikipedia.org/wiki/1990_Spanish_Grand_Prix
94,1990,15,suzuka,34.8431,136.541,Japan,1990-10-21,http://en.wikipedia.org/wiki/1990_Japanese_Grand_Prix
95,1990,16,adelaide,-34.9272,138.617,Australia,1990-11-04,http://en.wikipedia.org/wiki/1990_Australian_Grand_Prix
96,1991,1,phoenix,33.4479,-112.075,USA,1991-03-10,http://en.wikipedia.org/wiki/1991_United_States_Grand_Prix
97,1991,2,interlagos,-23.7036,-46.6997,Brazil,1991-03-24,http://en.wikipedia.org/wiki/1991_Brazilian_Grand_Prix
98,1991,3,imola,44.3439,11.7167,Italy,1991-04-28,http://en.wikipedia.org/wiki/1991_San_Marino_Grand_Prix
99,1991,4,monaco,43.7347,7.42056,Monaco,1991-05-12,http://en.wikipedia.org/wiki/1991_Monaco_Grand_Prix
100,1991,5,villeneuve,45.5,-73.5228,Canada,1991-06-02,http://en.wikipedia.org/wiki/1991_Canadian_Grand_Prix
101,1991,6,rodriguez,19.4042,-99.0907,Mexico,1991-06-16,http://en.wikipedia.org/wiki/1991_Mexican_Grand_Prix
102,1991,7,magny_cours,46.8642,3.16361,France,1991-07-07,http://en.wikipedia.org/wiki/1991_French_Grand_Prix
103,1991,8,silverstone,52.0786,-1.01694,UK,1991-07-14,http://en.wikipedia.org/wiki/1991_British_Grand_Prix
104,1991,9,hockenheimring,49.3278,8.56583,Germany,1991-07-28,http://en.wikipedia.org/wiki/1991_German_Grand_Prix
105,1991,10,hungaroring,47.5789,19.2486,Hungary,1991-08-11,http://en.wikipedia.org/wiki/1991_Hungarian_Grand_Prix
106,1991,11,spa,50.4372,5.97139,Belgium,1991-08-25,http://en.wikipedia.org/wiki/1991_Belgian_Grand_Prix
107,1991,12,monza,45.6156,9.28111,Italy,1991-09-08,http://en.wikipedia.org/wiki/1991_Italian_Grand_Prix
108,1991,13,estoril,38.7506,-9.39417,Portugal,1991-09-22,http://en.wikipedia.org/wiki/1991_Portuguese_Grand_Prix
109,1991,14,catalunya,41.57,2.26111,Spain,1991-09-29,http://en.wikipedia.org/wiki/1991_Spanish_Grand_Prix
110,1991,15,suzuka,34.8431,136.541,Japan,1991-10-20,http://en.wikipedia.org/wiki/1991_Japanese_Grand_Prix
111,1991,16,adelaide,-34.9272,138.617,Australia,1991-11-03,http://en.wikipedia.org/wiki/1991_Australian_Grand_Prix
112,1992,1,kyalami,-25.9894,28.0767,South Africa,1992-03-01,http://en.wikipedia.org/wiki/1992_South_African_Grand_Prix
113,1992,2,rodriguez,19.4042,-99.0907,Mexico,1992-03-22,http://en.wikipedia.org/wiki/1992_Mexican_Grand_Prix
114,1992,3,interlagos,-23.7036,-46.6997,Brazil,1992-04-05,http://en.wikipedia.org/wiki/1992_Brazilian_Grand_Prix
115,1992,4,catalunya,41.57,2.26111,Spain,1992-05-03,http://en.wikipedia.org/wiki/1992_Spanish_Grand_Prix
116,1992,5,imola,44.3439,11.7167,Italy,1992-05-17,http://en.wikipedia.org/wiki/1992_San_Marino_Grand_Prix
117,1992,6,monaco,43.7347,7.42056,Monaco,1992-05-31,http://en.wikipedia.org/wiki/1992_Monaco_Grand_Prix
118,1992,7,villeneuve,45.5,-73.5228,Canada,1992-06-14,http://en.wikipedia.org/wiki/1992_Canadian_Grand_Prix
119,1992,8,magny_cours,46.8642,3.16361,France,1992-07-05,http://en.wikipedia.org/wiki/1992_French_Grand_Prix
120,1992,9,silverstone,52.0786,-1.01694,UK,1992-07-12,http://en.wikipedia.org/wiki/1992_British_Grand_Prix
121,1992,10,hockenheimring,49.3278,8.56583,Germany,1992-07-26,http://en.wikipedia.org/wiki/1992_German_Grand_Prix
122,1992,11,hungaroring,47.5789,19.2486,Hungary,1992-08-16,http://en.wikipedia.org/wiki/1992_Hungarian_Grand_Prix
123,1992,12,spa,50.4372,5.97139,Belgium,1992-08-30,http://en.wikipedia.org/wiki/1992_Belgian_Grand_Prix
124,1992,13,monza,45.6156,9.28111,Italy,1992-09-13,http://en.wikipedia.org/wiki/1992_Italian_Grand_Prix
125,1992,14,estoril,38.7506,-9.39417,Portugal,1992-09-27,http://en.wikipedia.org/wiki/1992_Portuguese_Grand_Prix
126,1992,15,suzuka,34.8431,136.541,Japan,1992-10-25,http://en.wikipedia.org/wiki/1992_Japanese_Grand_Prix
127,1992,16,adelaide,-34.9272,138.617,Australia,1992-11-08,http://en.wikipedia.org/wiki/1992_Australian_Grand_Prix
128,1993,1,kyalami,-25.9894,28.0767,South Africa,1993-03-14,http://en.wikipedia.org/wiki/1993_South_African_Grand_Prix
129,1993,2,interlagos,-23.7036,-46.6997,Brazil,1993-03-28,http://en.wikipedia.org/wiki/1993_Brazilian_Grand_Prix
130,1993,3,donington,52.8306,-1.37528,UK,1993-04-11,http://en.wikipedia.org/wiki/1993_European_Grand_Prix
131,1993,4,imola,44.3439,11.7167,Italy,1993-04-25,http://en.wikipedia.org/wiki/1993_San_Marino_Grand_Prix
132,1993,5,catalunya,41.57,2.26111,Spain,1993-05-09,http://en.wikipedia.org/wiki/1993_Spanish_Grand_Prix
133,1993,6,monaco,43.7347,7.42056,Monaco,1993-05-23,http://en.wikipedia.org/wiki/1993_Monaco_Grand_Prix
134,1993,7,villeneuve,45.5,-73.5228,Canada,1993-06-13,http://en.wikipedia.org/wiki/1993_Canadian_Grand_Prix
135,1993,8,magny_cours,46.8642,3.16361,France,1993-07-04,http://en.wikipedia.org/wiki/1993_French_Grand_Prix
136,1993,9,silverstone,52.0786,-1.01694,UK,1993-07-11,http://en.wikipedia.org/wiki/1993_British_Grand_Prix
137,1993,10,hockenheimring,49.3278,8.56583,Germany,1993-07-25,http://en.wikipedia.org/wiki/1993_German_Grand_Prix
138,1993,11,hungaroring,47.5789,19.2486,Hungary,1993-08-15,http://en.wikipedia.org/wiki/1993_Hungarian_Grand_Prix
139,1993,12,spa,50.4372,5.97139,Belgium,1993-08-29,http://en.wikipedia.org/wiki/1993_Belgian_Grand_Prix
140,1993,13,monza,45.6156,9.28111,Italy,1993-09-12,http://en.wikipedia.org/wiki/1993_Italian_Grand_Prix
141,1993,14,estoril,38.7506,-9.39417,Portugal,1993-09-26,http://en.wikipedia.org/wiki/1993_Portuguese_Grand_Prix
142,1993,15,suzuka,34.8431,136.541,Japan,1993-10-24,http://en.wikipedia.org/wiki/1993_Japanese_Grand_Prix
143,1993,16,adelaide,-34.9272,138.617,Australia,1993-11-07,http://en.wikipedia.org/wiki/1993_Australian_Grand_Prix
144,1994,1,interlagos,-23.7036,-46.6997,Brazil,1994-03-27,http://en.wikipedia.org/wiki/1994_Brazilian_Grand_Prix
145,1994,2,okayama,34.915,134.221,Japan,1994-04-17,http://en.wikipedia.org/wiki/1994_Pacific_Grand_Prix
146,1994,3,imola,44.3439,11.7167,Italy,1994-05-01,http://en.wikipedia.org/wiki/1994_San_Marino_Grand_Prix
147,1994,4,monaco,43.7347,7.42056,Monaco,1994-05-15,http://en.wikipedia.org/wiki/1994_Monaco_Grand_Prix
148,1994,5,catalunya,41.57,2.26111,Spain,1994-05-29,http://en.wikipedia.org/wiki/1994_Spanish_Grand_Prix
149,1994,6,villeneuve,45.5,-73.5228,Canada,1994-06-12,http://en.wikipedia.org/wiki/1994_Canadian_Grand_Prix
150,1994,7,magny_cours,46.8642,3.16361,France,1994-07-03,http://en.wikipedia.org/wiki/1994_French_Grand_Prix
151,1994,8,silverstone,52.0786,-1.01694,UK,1994-07-10,http://en.wikipedia.org/wiki/1994_British_Grand_Prix
152,1994,9,hockenheimring,49.3278,8.56583,Germany,1994-07-31,http://en.wikipedia.org/wiki/1994_German_Grand_Prix
153,1994,10,hungaroring,47.5789,19.2486,Hungary,1994-08-14,http://en.wikipedia.org/wiki/1994_Hungarian_Grand_Prix
154,1994,11,spa,50.4372,5.97139,Belgium,1994-08-28,http://en.wikipedia.org/wiki/1994_Belgian_Grand_Prix
155,1994,12,monza,45.6156,9.28111,Italy,1994-09-11,http://en.wikipedia.org/wiki/1994_Italian_Grand_Prix
156,1994,13,estoril,38.7506,-9.39417,Portugal,1994-09-25,http://en.wikipedia.org/wiki/1994_Portuguese_Grand_Prix
157,1994,14,jerez,36.7083,-6.03417,Spain,1994-10-16,http://en.wikipedia.org/wiki/1994_European_Grand_Prix
158,1994,15,suzuka,34.8431,136.541,Japan,1994-11-06,http://en.wikipedia.org/wiki/1994_Japanese_Grand_Prix
159,1994,16,adelaide,-34.9272,138.617,Australia,1994-11-13,http://en.wikipedia.org/wiki/1994_Australian_Grand_Prix
160,1995,1,interlagos,-23.7036,-46.6997,Brazil,1995-03-26,http://en.wikipedia.org/wiki/1995_Brazilian_Grand_Prix
161,1995,2,galvez,-34.6943,-58.4593,Argentina,1995-04-09,http://en.wikipedia.org/wiki/1995_Argentine_Grand_Prix
162,1995,3,imola,44.3439,11.7167,Italy,1995-04-30,http://en.wikipedia.org/wiki/1995_San_Marino_Grand_Prix
163,1995,4,catalunya,41.57,2.26111,Spain,1995-05-14,http://en.wikipedia.org/wiki/1995_Spanish_Grand_Prix
164,1995,5,monaco,43.7347,7.42056,Monaco,1995-05-28,http://en.wikipedia.org/wiki/1995_Monaco_Grand_Prix
165,1995,6,villeneuve,45.5,-73.5228,Canada,1995-06-11,http://en.wikipedia.org/wiki/1995_Canadian_Grand_Prix
166,1995,7,magny_cours,46.8642,3.16361,France,1995-07-02,http://en.wikipedia.org/wiki/1995_French_Grand_Prix
167,1995,8,silverstone,52.0786,-1.01694,UK,1995-07-16,http://en.wikipedia.org/wiki/1995_British_Grand_Prix
168,1995,9,hockenheimring,49.3278,8.56583,Germany,1995-07-30,http://en.wikipedia.org/wiki/1995_German_Grand_Prix
169,1995,10,hungaroring,47.5789,19.2486,Hungary,1995-08-13,http://en.wikipedia.org/wiki/1995_Hungarian_Grand_Prix
170,1995,11,spa,50.4372,5.97139,Belgium,1995-08-27,http://en.wikipedia.org/wiki/1995_Belgian_Grand_Prix
171,1995,12,monza,45.6156,9.28111,Italy,1995-09-10,http://en.wikipedia.org/wiki/1995_Italian_Grand_Prix
172,1995,13,estoril,38.7506,-9.39417,Portugal,1995-09-24,http://en.wikipedia.org/wiki/1995_Portuguese_Grand_Prix
173,1995,14,nurburgring,50.3356,6.9475,Germany,1995-10-01,http://en.wikipedia.org/wiki/1995_European_Grand_Prix
174,1995,15,okayama,34.915,134.221,Japan,1995-10-22,http://en.wikipedia.org/wiki/1995_Pacific_Grand_Prix
175,1995,16,suzuka,34.8431,136.541,Japan,1995-10-29,http://en.wikipedia.org/wiki/1995_Japanese_Grand_Prix
176,1995,17,adelaide,-34.9272,138.617,Australia,1995-11-12,http://en.wikipedia.org/wiki/1995_Australian_Grand_Prix
177,1996,1,albert_park,-37.8497,144.968,Australia,1996-03-10,http://en.wikipedia.org/wiki/1996_Australian_Grand_Prix
178,1996,2,interlagos,-23.7036,-46.6997,Brazil,1996-03-31,http://en.wikipedia.org/wiki/1996_Brazilian_Grand_Prix
179,1996,3,galvez,-34.6943,-58.4593,Argentina,1996-04-07,http://en.wikipedia.org/wiki/1996_Argentine_Grand_Prix
180,1996,4,nurburgring,50.3356,6.9475,Germany,1996-04-28,http://en.wikipedia.org/wiki/1996_European_Grand_Prix
181,1996,5,imola,44.3439,11.7167,Italy,1996-05-05,http://en.wikipedia.org/wiki/1996_San_Marino_Grand_Prix
182,1996,6,monaco,43.7347,7.42056,Monaco,1996-05-19,http://en.wikipedia.org/wiki/1996_Monaco_Grand_Prix
183,1996,7,catalunya,41.57,2.26111,Spain,1996-06-02,http://en.wikipedia.org/wiki/1996_Spanish_Grand_Prix
184,1996,8,villeneuve,45.5,-73.5228,Canada,1996-06-16,http://en.wikipedia.org/wiki/1996_Canadian_Grand_Prix
185,1996,9,magny_cours,46.8642,3.16361,France,1996-06-30,http://en.wikipedia.org/wiki/1996_French_Grand_Prix
186,1996,10,silverstone,52.0786,-1.01694,UK,1996-07-14,http://en.wikipedia.org/wiki/1996_British_Grand_Prix
187,1996,11,hockenheimring,49.3278,8.56583,Germany,1996-07-28,http://en.wikipedia.org/wiki/1996_German_Grand_Prix
188,1996,12,hungaroring,47.5789,19.2486,Hungary,1996-08-11,http://en.wikipedia.org/wiki/1996_Hungarian_Grand_Prix
189,1996,13,spa,50.4372,5.97139,Belgium,1996-08-25,http://en.wikipedia.org/wiki/1996_Belgian_Grand_Prix
190,1996,14,monza,45.6156,9.28111,Italy,1996-09-08,http://en.wikipedia.org/wiki/1996_Italian_Grand_Prix
191,1996,15,estoril,38.7506,-9.39417,Portugal,1996-09-22,http://en.wikipedia.org/wiki/1996_Portuguese_Grand_Prix
192,1996,16,suzuka,34.8431,136.541,Japan,1996-10-13,http://en.wikipedia.org/wiki/1996_Japanese_Grand_Prix
193,1997,1,albert_park,-37.8497,144.968,Australia,1997-03-09,http://en.wikipedia.org/wiki/1997_Australian_Grand_Prix
194,1997,2,interlagos,-23.7036,-46.6997,Brazil,1997-03-30,http://en.wikipedia.org/wiki/1997_Brazilian_Grand_Prix
195,1997,3,galvez,-34.6943,-58.4593,Argentina,1997-04-13,http://en.wikipedia.org/wiki/1997_Argentine_Grand_Prix
196,1997,4,imola,44.3439,11.7167,Italy,1997-04-27,http://en.wikipedia.org/wiki/1997_San_Marino_Grand_Prix
197,1997,5,monaco,43.7347,7.42056,Monaco,1997-05-11,http://en.wikipedia.org/wiki/1997_Monaco_Grand_Prix
198,1997,6,catalunya,41.57,2.26111,Spain,1997-05-25,http://en.wikipedia.org/wiki/1997_Spanish_Grand_Prix
199,1997,7,villeneuve,45.5,-73.5228,Canada,1997-06-15,http://en.wikipedia.org/wiki/1997_Canadian_Grand_Prix
200,1997,8,magny_cours,46.8642,3.16361,France,1997-06-29,http://en.wikipedia.org/wiki/1997_French_Grand_Prix
201,1997,9,silverstone,52.0786,-1.01694,UK,1997-07-13,http://en.wikipedia.org/wiki/1997_British_Grand_Prix
202,1997,10,hockenheimring,49.3278,8.56583,Germany,1997-07-27,http://en.wikipedia.org/wiki/1997_German_Grand_Prix
203,1997,11,hungaroring,47.5789,19.2486,Hungary,1997-08-10,http://en.wikipedia.org/wiki/1997_Hungarian_Grand_Prix
204,1997,12,spa,50.4372,5.97139,Belgium,1997-08-24,http://en.wikipedia.org/wiki/1997_Belgian_Grand_Prix
205,1997,13,monza,45.6156,9.28111,Italy,1997-09-07,http://en.wikipedia.org/wiki/1997_Italian_Grand_Prix
206,1997,14,osterreichring,47.2197,14.7647,Austria,1997-09-21,http://en.wikipedia.org/wiki/1997_Austrian_Grand_Prix
207,1997,15,nurburgring,50.3356,6.9475,Germany,1997-09-28,http://en.wikipedia.org/wiki/1997_Luxembourg_Grand_Prix
208,1997,16,suzuka,34.8431,136.541,Japan,1997-10-12,http://en.wikipedia.org/wiki/1997_Japanese_Grand_Prix
209,1997,17,jerez,36.7083,-6.03417,Spain,1997-10-26,http://en.wikipedia.org/wiki/1997_European_Grand_Prix
210,1998,1,albert_park,-37.8497,144.968,Australia,1998-03-08,http://en.wikipedia.org/wiki/1998_Australian_Grand_Prix
211,1998,2,interlagos,-23.7036,-46.6997,Brazil,1998-03-29,http://en.wikipedia.org/wiki/1998_Brazilian_Grand_Prix
212,1998,3,galvez,-34.6943,-58.4593,Argentina,1998-04-12,http://en.wikipedia.org/wiki/1998_Argentine_Grand_Prix
213,1998,4,imola,44.3439,11.7167,Italy,1998-04-26,http://en.wikipedia.org/wiki/1998_San_Marino_Grand_Prix
214,1998,5,catalunya,41.57,2.26111,Spain,1998-05-10,http://en.wikipedia.org/wiki/1998_Spanish_Grand_Prix
215,1998,6,monaco,43.7347,7.42056,Monaco,1998-05-24,http://en.wikipedia.org/wiki/1998_Monaco_Grand_Prix
216,1998,7,villeneuve,45.5,-73.5228,Canada,1998-06-07,http://en.wikipedia.org/wiki/1998_Canadian_Grand_Prix
217,1998,8,magny_cours,46.8642,3.16361,France,1998-06-28,http://en.wikipedia.org/wiki/1998_French_Grand_Prix
218,1998,9,silverstone,52.0786,-1.01694,UK,1998-07-12,http://en.wikipedia.org/wiki/1998_British_Grand_Prix
219,1998,10,osterreichring,47.2197,14.7647,Austria,1998-07-26,http://en.wikipedia.org/wiki/1998_Austrian_Grand_Prix
220,1998,11,hockenheimring,49.3278,8.56583,Germany,1998-08-02,http://en.wikipedia.org/wiki/1998_German_Grand_Prix
221,1998,12,hungaroring,47.5789,19.2486,Hungary,1998-08-16,http://en.wikipedia.org/wiki/1998_Hungarian_Grand_Prix
222,1998,13,spa,50.4372,5.97139,Belgium,1998-08-30,http://en.wikipedia.org/wiki/1998_Belgian_Grand_Prix
223,1998,14,monza,45.6156,9.28111,Italy,1998-09-13,http://en.wikipedia.org/wiki/1998_Italian_Grand_Prix
224,1998,15,nurburgring,50.3356,6.9475,Germany,1998-09-27,http://en.wikipedia.org/wiki/1998_Luxembourg_Grand_Prix
225,1998,16,suzuka,34.8431,136.541,Japan,1998-11-01,http://en.wikipedia.org/wiki/1998_Japanese_Grand_Prix
226,1999,1,albert_park,-37.8497,144.968,Australia,1999-03-07,http://en.wikipedia.org/wiki/1999_Australian_Grand_Prix
227,1999,2,interlagos,-23.7036,-46.6997,Brazil,1999-04-11,http://en.wikipedia.org/wiki/1999_Brazilian_Grand_Prix
228,1999,3,imola,44.3439,11.7167,Italy,1999-05-02,http://en.wikipedia.org/wiki/1999_San_Marino_Grand_Prix
229,1999,4,monaco,43.7347,7.42056,Monaco,1999-05-16,http://en.wikipedia.org/wiki/1999_Monaco_Grand_Prix
230,1999,5,catalunya,41.57,2.26111,Spain,1999-05-30,http://en.wikipedia.org/wiki/1999_Spanish_Grand_Prix
231,1999,6,villeneuve,45.5,-73.5228,Canada,1999-06-13,http://en.wikipedia.org/wiki/1999_Canadian_Grand_Prix
232,1999,7,magny_cours,46.8642,3.16361,France,1999-06-27,http://en.wikipedia.org/wiki/1999_French_Grand_Prix
233,1999,8,silverstone,52.0786,-1.01694,UK,1999-07-11,http://en.wikipedia.org/wiki/1999_British_Grand_Prix
234,1999,9,osterreichring,47.2197,14.7647,Austria,1999-07-25,http://en.wikipedia.org/wiki/1999_Austrian_Grand_Prix
235,1999,10,hockenheimring,49.3278,8.56583,Germany,1999-08-01,http://en.wikipedia.org/wiki/1999_German_Grand_Prix
236,1999,11,hungaroring,47.5789,19.2486,Hungary,1999-08-15,http://en.wikipedia.org/wiki/1999_Hungarian_Grand_Prix
237,1999,12,spa,50.4372,5.97139,Belgium,1999-08-29,http://en.wikipedia.org/wiki/1999_Belgian_Grand_Prix
238,1999,13,monza,45.6156,9.28111,Italy,1999-09-12,http://en.wikipedia.org/wiki/1999_Italian_Grand_Prix
239,1999,14,nurburgring,50.3356,6.9475,Germany,1999-09-26,http://en.wikipedia.org/wiki/1999_European_Grand_Prix
240,1999,15,sepang,2.76083,101.738,Malaysia,1999-10-17,http://en.wikipedia.org/wiki/1999_Malaysian_Grand_Prix
241,1999,16,suzuka,34.8431,136.541,Japan,1999-10-31,http://en.wikipedia.org/wiki/1999_Japanese_Grand_Prix
242,2000,1,albert_park,-37.8497,144.968,Australia,2000-03-12,http://en.wikipedia.org/wiki/2000_Australian_Grand_Prix
243,2000,2,interlagos,-23.7036,-46.6997,Brazil,2000-03-26,http://en.wikipedia.org/wiki/2000_Brazilian_Grand_Prix
244,2000,3,imola,44.3439,11.7167,Italy,2000-04-09,http://en.wikipedia.org/wiki/2000_San_Marino_Grand_Prix
245,2000,4,silverstone,52.0786,-1.01694,UK,2000-04-23,http://en.wikipedia.org/wiki/2000_British_Grand_Prix
246,2000,5,catalunya,41.57,2.26111,Spain,2000-05-07,http://en.wikipedia.org/wiki/2000_Spanish_Grand_Prix
247,2000,6,nurburgring,50.3356,6.9475,Germany,2000-05-21,http://en.wikipedia.org/wiki/2000_European_Grand_Prix
248,2000,7,monaco,43.7347,7.42056,Monaco,2000-06-04,http://en.wikipedia.org/wiki/2000_Monaco_Grand_Prix
249,2000,8,villeneuve,45.5,-73.5228,Canada,2000-06-18,http://en.wikipedia.org/wiki/2000_Canadian_Grand_Prix
250,2000,9,magny_cours,46.8642,3.16361,France,2000-07-02,http://en.wikipedia.org/wiki/2000_French_Grand_Prix
251,2000,10,osterreichring,47.2197,14.7647,Austria,2000-07-16,http://en.wikipedia.org/wiki/2000_Austrian_Grand_Prix
252,2000,11,hockenheimring,49.3278,8.56583,Germany,2000-07-30,http://en.wikipedia.org/wiki/2000_German_Grand_Prix
253,2000,12,hungaroring,47.5789,19.2486,Hungary,2000-08-13,http://en.wikipedia.org/wiki/2000_Hungarian_Grand_Prix
254,2000,13,spa,50.4372,5.97139,Belgium,2000-08-27,http://en.wikipedia.org/wiki/2000_Belgian_Grand_Prix
255,2000,14,monza,45.6156,9.28111,Italy,2000-09-10,http://en.wikipedia.org/wiki/2000_Italian_Grand_Prix
256,2000,15,indianapolis,39.795,-86.2347,USA,2000-09-24,http://en.wikipedia.org/wiki/2000_United_States_Grand_Prix
257,2000,16,suzuka,34.8431,136.541,Japan,2000-10-08,http://en.wikipedia.org/wiki/2000_Japanese_Grand_Prix
258,2000,17,sepang,2.76083,101.738,Malaysia,2000-10-22,http://en.wikipedia.org/wiki/2000_Malaysian_Grand_Prix
259,2001,1,albert_park,-37.8497,144.968,Australia,2001-03-04,http://en.wikipedia.org/wiki/2001_Australian_Grand_Prix
260,2001,2,sepang,2.76083,101.738,Malaysia,2001-03-18,http://en.wikipedia.org/wiki/2001_Malaysian_Grand_Prix
261,2001,3,interlagos,-23.7036,-46.6997,Brazil,2001-04-01,http://en.wikipedia.org/wiki/2001_Brazilian_Grand_Prix
262,2001,4,imola,44.3439,11.7167,Italy,2001-04-15,http://en.wikipedia.org/wiki/2001_San_Marino_Grand_Prix
263,2001,5,catalunya,41.57,2.26111,Spain,2001-04-29,http://en.wikipedia.org/wiki/2001_Spanish_Grand_Prix
264,2001,6,osterreichring,47.2197,14.7647,Austria,2001-05-13,http://en.wikipedia.org/wiki/2001_Austrian_Grand_Prix
265,2001,7,monaco,43.7347,7.42056,Monaco,2001-05-27,http://en.wikipedia.org/wiki/2001_Monaco_Grand_Prix
266,2001,8,villeneuve,45.5,-73.5228,Canada,2001-06-10,http://en.wikipedia.org/wiki/2001_Canadian_Grand_Prix
267,2001,9,nurburgring,50.3356,6.9475,Germany,2001-06-24,http://en.wikipedia.org/wiki/2001_European_Grand_Prix
268,2001,10,magny_cours,46.8642,3.16361,France,2001-07-01,http://en.wikipedia.org/wiki/2001_French_Grand_Prix
269,2001,11,silverstone,52.0786,-1.01694,UK,2001-07-15,http://en.wikipedia.org/wiki/2001_British_Grand_Prix
270,2001,12,hockenheimring,49.3278,8.56583,Germany,2001-07-29,http://en.wikipedia.org/wiki/2001_German_Grand_Prix
271,2001,13,hungaroring,47.5789,19.2486,Hungary,2001-08-19,http://en.wikipedia.org/wiki/2001_Hungarian_Grand_Prix
272,2001,14,spa,50.4372,5.97139,Belgium,2001-09-02,http://en.wikipedia.org/wiki/2001_Belgian_Grand_Prix
273,2001,15,monza,45.6156,9.28111,Italy,2001-09-16,http://en.wikipedia.org/wiki/2001_Italian_Grand_Prix
274,2001,16,indianapolis,39.795,-86.2347,USA,2001-09-30,http://en.wikipedia.org/wiki/2001_United_States_Grand_Prix
275,2001,17,suzuka,34.8431,136.541,Japan,2001-10-14,http://en.wikipedia.org/wiki/2001_Japanese_Grand_Prix
276,2002,1,albert_park,-37.8497,144.968,Australia,2002-03-03,http://en.wikipedia.org/wiki/2002_Australian_Grand_Prix
277,2002,2,sepang,2.76083,101.738,Malaysia,2002-03-17,http://en.wikipedia.org/wiki/2002_Malaysian_Grand_Prix
278,2002,3,interlagos,-23.7036,-46.6997,Brazil,2002-03-31,http://en.wikipedia.org/wiki/2002_Brazilian_Grand_Prix
279,2002,4,imola,44.3439,11.7167,Italy,2002-04-14,http://en.wikipedia.org/wiki/2002_San_Marino_Grand_Prix
280,2002,5,catalunya,41.57,2.26111,Spain,2002-04-28,http://en.wikipedia.org/wiki/2002_Spanish_Grand_Prix
281,2002,6,osterreichring,47.2197,14.7647,Austria,2002-05-12,http://en.wikipedia.org/wiki/2002_Austrian_Grand_Prix
282,2002,7,monaco,43.7347,7.42056,Monaco,2002-05-26,http://en.wikipedia.org/wiki/2002_Monaco_Grand_Prix
283,2002,8,villeneuve,45.5,-73.5228,Canada,2002-06-09,http://en.wikipedia.org/wiki/2002_Canadian_Grand_Prix
284,2002,9,nurburgring,50.3356,6.9475,Germany,2002-06-23,http://en.wikipedia.org/wiki/2002_European_Grand_Prix
285,2002,10,silverstone,52.0786,-1.01694,UK,2002-07-07,http://en.wikipedia.org/wiki/2002_British_Grand_Prix
286,2002,11,magny_cours,46.8642,3.16361,France,2002-07-21,http://en.wikipedia.org/wiki/2002_French_Grand_Prix
287,2002,12,hockenheimring,49.3278,8.56583,Germany,2002-07-28,http://en.wikipedia.org/wiki/2002_German_Grand_Prix
288,2002,13,hungaroring,47.5789,19.2486,Hungary,2002-08-18,http://en.wikipedia.org/wiki/2002_Hungarian_Grand_Prix
289,2002,14,spa,50.4372,5.97139,Belgium,2002-09-01,http://en.wikipedia.org/wiki/2002_Belgian_Grand_Prix
290,2002,15,monza,45.6156,9.28111,Italy,2002-09-15,http://en.wikipedia.org/wiki/2002_Italian_Grand_Prix
291,2002,16,indianapolis,39.795,-86.2347,USA,2002-09-29,http://en.wikipedia.org/wiki/2002_United_States_Grand_Prix
292,2002,17,suzuka,34.8431,136.541,Japan,2002-10-13,http://en.wikipedia.org/wiki/2002_Japanese_Grand_Prix
293,2003,1,albert_park,-37.8497,144.968,Australia,2003-03-09,http://en.wikipedia.org/wiki/2003_Australian_Grand_Prix
294,2003,2,sepang,2.76083,101.738,Malaysia,2003-03-23,http://en.wikipedia.org/wiki/2003_Malaysian_Grand_Prix
295,2003,3,interlagos,-23.7036,-46.6997,Brazil,2003-04-06,http://en.wikipedia.org/wiki/2003_Brazilian_Grand_Prix
296,2003,4,imola,44.3439,11.7167,Italy,2003-04-20,http://en.wikipedia.org/wiki/2003_San_Marino_Grand_Prix
297,2003,5,catalunya,41.57,2.26111,Spain,2003-05-04,http://en.wikipedia.org/wiki/2003_Spanish_Grand_Prix
298,2003,6,osterreichring,47.2197,14.7647,Austria,2003-05-18,http://en.wikipedia.org/wiki/2003_Austrian_Grand_Prix
299,2003,7,monaco,43.7347,7.42056,Monaco,2003-06-01,http://en.wikipedia.org/wiki/2003_Monaco_Grand_Prix
300,2003,8,villeneuve,45.5,-73.5228,Canada,2003-06-15,http://en.wikipedia.org/wiki/2003_Canadian_Grand_Prix
301,2003,9,nurburgring,50.3356,6.9475,Germany,2003-06-29,http://en.wikipedia.org/wiki/2003_European_Grand_Prix
302,2003,10,magny_cours,46.8642,3.16361,France,2003-07-06,http://en.wikipedia.org/wiki/2003_French_Grand_Prix
303,2003,11,silverstone,52.0786,-1.01694,UK,2003-07-20,http://en.wikipedia.org/wiki/2003_British_Grand_Prix
304,2003,12,hockenheimring,49.3278,8.56583,Germany,2003-08-03,http://en.wikipedia.org/wiki/2003_German_Grand_Prix
305,2003,13,hungaroring,47.5789,19.2486,Hungary,2003-08-24,http://en.wikipedia.org/wiki/2003_Hungarian_Grand_Prix
306,2003,14,monza,45.6156,9.28111,Italy,2003-09-14,http://en.wikipedia.org/wiki/2003_Italian_Grand_Prix
307,2003,15,indianapolis,39.795,-86.2347,USA,2003-09-28,http://en.wikipedia.org/wiki/2003_United_States_Grand_Prix
308,2003,16,suzuka,34.8431,136.541,Japan,2003-10-12,http://en.wikipedia.org/wiki/2003_Japanese_Grand_Prix
309,2004,1,albert_park,-37.8497,144.968,Australia,2004-03-07,http://en.wikipedia.org/wiki/2004_Australian_Grand_Prix
310,2004,2,sepang,2.76083,101.738,Malaysia,2004-03-21,http://en.wikipedia.org/wiki/2004_Malaysian_Grand_Prix
311,2004,3,bahrain,26.0325,50.5106,Bahrain,2004-04-04,http://en.wikipedia.org/wiki/2004_Bahrain_Grand_Prix
312,2004,4,imola,44.3439,11.7167,Italy,2004-04-25,http://en.wikipedia.org/wiki/2004_San_Marino_Grand_Prix
313,2004,5,catalunya,41.57,2.26111,Spain,2004-05-09,http://en.wikipedia.org/wiki/2004_Spanish_Grand_Prix
314,2004,6,monaco,43.7347,7.42056,Monaco,2004-05-23,http://en.wikipedia.org/wiki/2004_Monaco_Grand_Prix
315,2004,7,nurburgring,50.3356,6.9475,Germany,2004-05-30,http://en.wikipedia.org/wiki/2004_European_Grand_Prix
316,2004,8,villeneuve,45.5,-73.5228,Canada,2004-06-13,http://en.wikipedia.org/wiki/2004_Canadian_Grand_Prix
317,2004,9,indianapolis,39.795,-86.2347,USA,2004-06-20,http://en.wikipedia.org/wiki/2004_United_States_Grand_Prix
318,2004,10,magny_cours,46.8642,3.16361,France,2004-07-04,http://en.wikipedia.org/wiki/2004_French_Grand_Prix
319,2004,11,silverstone,52.0786,-1.01694,UK,2004-07-11,http://en.wikipedia.org/wiki/2004_British_Grand_Prix
320,2004,12,hockenheimring,49.3278,8.56583,Germany,2004-07-25,http://en.wikipedia.org/wiki/2004_German_Grand_Prix
321,2004,13,hungaroring,47.5789,19.2486,Hungary,2004-08-15,http://en.wikipedia.org/wiki/2004_Hungarian_Grand_Prix
322,2004,14,spa,50.4372,5.97139,Belgium,2004-08-29,http://en.wikipedia.org/wiki/2004_Belgian_Grand_Prix
323,2004,15,monza,45.6156,9.28111,Italy,2004-09-12,http://en.wikipedia.org/wiki/2004_Italian_Grand_Prix
324,2004,16,shanghai,31.3389,121.22,China,2004-09-26,http://en.wikipedia.org/wiki/2004_Chinese_Grand_Prix
325,2004,17,suzuka,34.8431,136.541,Japan,2004-10-10,http://en.wikipedia.org/wiki/2004_Japanese_Grand_Prix
326,2004,18,interlagos,-23.7036,-46.6997,Brazil,2004-10-24,http://en.wikipedia.org/wiki/2004_Brazilian_Grand_Prix
327,2005,1,albert_park,-37.8497,144.968,Australia,2005-03-06,http://en.wikipedia.org/wiki/2005_Australian_Grand_Prix
328,2005,2,sepang,2.76083,101.738,Malaysia,2005-03-20,http://en.wikipedia.org/wiki/2005_Malaysian_Grand_Prix
329,2005,3,bahrain,26.0325,50.5106,Bahrain,2005-04-03,http://en.wikipedia.org/wiki/2005_Bahrain_Grand_Prix
330,2005,4,imola,44.3439,11.7167,Italy,2005-04-24,http://en.wikipedia.org/wiki/2005_San_Marino_Grand_Prix
331,2005,5,catalunya,41.57,2.26111,Spain,2005-05-08,http://en.wikipedia.org/wiki/2005_Spanish_Grand_Prix
332,2005,6,monaco,43.7347,7.42056,Monaco,2005-05-22,http://en.wikipedia.org/wiki/2005_Monaco_Grand_Prix
333,2005,7,nurburgring,50.3356,6.9475,Germany,2005-05-29,http://en.wikipedia.org/wiki/2005_European_Grand_Prix
334,2005,8,villeneuve,45.5,-73.5228,Canada,2005-06-12,http://en.wikipedia.org/wiki/2005_Canadian_Grand_Prix
335,2005,9,indianapolis,39.795,-86.2347,USA,2005-06-19,http://en.wikipedia.org/wiki/2005_United_States_Grand_Prix
336,2005,10,magny_cours,46.8642,3.16361,France,2005-07-03,http://en.wikipedia.org/wiki/2005_French_Grand_Prix
337,2005,11,silverstone,52.0786,-1.01694,UK,2005-07-10,http://en.wikipedia.org/wiki/2005_British_Grand_Prix
338,2005,12,hockenheimring,49.3278,8.56583,Germany,2005-07-24,http://en.wikipedia.org/wiki/2005_German_Grand_Prix
339,2005,13,hungaroring,47.5789,19.2486,Hungary,2005-07-31,http://en.wikipedia.org/wiki/2005_Hungarian_Grand_Prix
340,2005,14,istanbul,40.9517,29.405,Turkey,2005-08-21,http://en.wikipedia.org/wiki/2005_Turkish_Grand_Prix
341,2005,15,monza,45.6156,9.28111,Italy,2005-09-04,http://en.wikipedia.org/wiki/2005_Italian_Grand_Prix
342,2005,16,spa,50.4372,5.97139,Belgium,2005-09-11,http://en.wikipedia.org/wiki/2005_Belgian_Grand_Prix
343,2005,17,interlagos,-23.7036,-46.6997,Brazil,2005-09-25,http://en.wikipedia.org/wiki/2005_Brazilian_Grand_Prix
344,2005,18,suzuka,34.8431,136.541,Japan,2005-10-09,http://en.wikipedia.org/wiki/2005_Japanese_Grand_Prix
345,2005,19,shanghai,31.3389,121.22,China,2005-10-16,http://en.wikipedia.org/wiki/2005_Chinese_Grand_Prix
346,2006,1,bahrain,26.0325,50.5106,Bahrain,2006-03-12,http://en.wikipedia.org/wiki/2006_Bahrain_Grand_Prix
347,2006,2,sepang,2.76083,101.738,Malaysia,2006-03-19,http://en.wikipedia.org/wiki/2006_Malaysian_Grand_Prix
348,2006,3,albert_park,-37.8497,144.968,Australia,2006-04-02,http://en.wikipedia.org/wiki/2006_Australian_Grand_Prix
349,2006,4,imola,44.3439,11.7167,Italy,2006-04-23,http://en.wikipedia.org/wiki/2006_San_Marino_Grand_Prix
350,2006,5,nurburgring,50.3356,6.9475,Germany,2006-05-07,http://en.wikipedia.org/wiki/2006_European_Grand_Prix
351,2006,6,catalunya,41.57,2.26111,Spain,2006-05-14,http://en.wikipedia.org/wiki/2006_Spanish_Grand_Prix
352,2006,7,monaco,43.7347,7.42056,Monaco,2006-05-28,http://en.wikipedia.org/wiki/2006_Monaco_Grand_Prix
353,2006,8,silverstone,52.0786,-1.01694,UK,2006-06-11,http://en.wikipedia.org/wiki/2006_British_Grand_Prix
354,2006,9,villeneuve,45.5,-73.5228,Canada,2006-06-25,http://en.wikipedia.org/wiki/2006_Canadian_Grand_Prix
355,2006,10,indianapolis,39.795,-86.2347,USA,2006-07-02,http://en.wikipedia.org/wiki/2006_United_States_Grand_Prix
356,2006,11,magny_cours,46.8642,3.16361,France,2006-07-16,http://en.wikipedia.org/wiki/2006_French_Grand_Prix
357,2006,12,hockenheimring,49.3278,8.56583,Germany,2006-07-30,http://en.wikipedia.org/wiki/2006_German_Grand_Prix
358,2006,13,hungaroring,47.5789,19.2486,Hungary,2006-08-06,http://en.wikipedia.org/wiki/2006_Hungarian_Grand_Prix
359,2006,14,istanbul,40.9517,29.405,Turkey,2006-08-27,http://en.wikipedia.org/wiki/2006_Turkish_Grand_Prix
360,2006,15,monza,45.6156,9.28111,Italy,2006-09-10,http://en.wikipedia.org/wiki/2006_Italian_Grand_Prix
361,2006,16,shanghai,31.3389,121.22,China,2006-10-01,http://en.wikipedia.org/wiki/2006_Chinese_Grand_Prix
362,2006,17,suzuka,34.8431,136.541,Japan,2006-10-08,http://en.wikipedia.org/wiki/2006_Japanese_Grand_Prix
363,2006,18,interlagos,-23.7036,-46.6997,Brazil,2006-10-22,http://en.wikipedia.org/wiki/2006_Brazilian_Grand_Prix
364,2007,1,albert_park,-37.8497,144.968,Australia,2007-03-18,http://en.wikipedia.org/wiki/2007_Australian_Grand_Prix
365,2007,2,sepang,2.76083,101.738,Malaysia,2007-04-08,http://en.wikipedia.org/wiki/2007_Malaysian_Grand_Prix
366,2007,3,bahrain,26.0325,50.5106,Bahrain,2007-04-15,http://en.wikipedia.org/wiki/2007_Bahrain_Grand_Prix
367,2007,4,catalunya,41.57,2.26111,Spain,2007-05-13,http://en.wikipedia.org/wiki/2007_Spanish_Grand_Prix
368,2007,5,monaco,43.7347,7.42056,Monaco,2007-05-27,http://en.wikipedia.org/wiki/2007_Monaco_Grand_Prix
369,2007,6,villeneuve,45.5,-73.5228,Canada,2007-06-10,http://en.wikipedia.org/wiki/2007_Canadian_Grand_Prix
370,2007,7,indianapolis,39.795,-86.2347,USA,2007-06-17,http://en.wikipedia.org/wiki/2007_United_States_Grand_Prix
371,2007,8,magny_cours,46.8642,3.16361,France,2007-07-01,http://en.wikipedia.org/wiki/2007_French_Grand_Prix
372,2007,9,silverstone,52.0786,-1.01694,UK,2007-07-08,http://en.wikipedia.org/wiki/2007_British_Grand_Prix
373,2007,10,nurburgring,50.3356,6.9475,Germany,2007-07-22,http://en.wikipedia.org/wiki/2007_European_Grand_Prix
374,2007,11,hungaroring,47.5789,19.2486,Hungary,2007-08-05,http://en.wikipedia.org/wiki/2007_Hungarian_Grand_Prix
375,2007,12,istanbul,40.9517,29.405,Turkey,2007-08-26,http://en.wikipedia.org/wiki/2007_Turkish_Grand_Prix
376,2007,13,monza,45.6156,9.28111,Italy,2007-09-09,http://en.wikipedia.org/wiki/2007_Italian_Grand_Prix
377,2007,14,spa,50.4372,5.97139,Belgium,2007-09-16,http://en.wikipedia.org/wiki/2007_Belgian_Grand_Prix
378,2007,15,fuji,35.3717,138.927,Japan,2007-09-30,http://en.wikipedia.org/wiki/2007_Japanese_Grand_Prix
379,2007,16,shanghai,31.3389,121.22,China,2007-10-07,http://en.wikipedia.org/wiki/2007_Chinese_Grand_Prix
380,2007,17,interlagos,-23.7036,-46.6997,Brazil,2007-10-21,http://en.wikipedia.org/wiki/2007_Brazilian_Grand_Prix
381,2008,1,albert_park,-37.8497,144.968,Australia,2008-03-16,http://en.wikipedia.org/wiki/2008_Australian_Grand_Prix
382,2008,2,sepang,2.76083,101.738,Malaysia,2008-03-23,http://en.wikipedia.org/wiki/2008_Malaysian_Grand_Prix
383,2008,3,bahrain,26.0325,50.5106,Bahrain,2008-04-06,http://en.wikipedia.org/wiki/2008_Bahrain_Grand_Prix
384,2008,4,catalunya,41.57,2.26111,Spain,2008-04-27,http://en.wikipedia.org/wiki/2008_Spanish_Grand_Prix
385,2008,5,istanbul,40.9517,29.405,Turkey,2008-05-11,http://en.wikipedia.org/wiki/2008_Turkish_Grand_Prix
386,2008,6,monaco,43.7347,7.42056,Monaco,2008-05-25,http://en.wikipedia.org/wiki/2008_Monaco_Grand_Prix
387,2008,7,villeneuve,45.5,-73.5228,Canada,2008-06-08,http://en.wikipedia.org/wiki/2008_Canadian_Grand_Prix
388,2008,8,magny_cours,46.8642,3.16361,France,2008-06-22,http://en.wikipedia.org/wiki/2008_French_Grand_Prix
389,2008,9,silverstone,52.0786,-1.01694,UK,2008-07-06,http://en.wikipedia.org/wiki/2008_British_Grand_Prix
390,2008,10,hockenheimring,49.3278,8.56583,Germany,2008-07-20,http://en.wikipedia.org/wiki/2008_German_Grand_Prix
391,2008,11,hungaroring,47.5789,19.2486,Hungary,2008-08-03,http://en.wikipedia.org/wiki/2008_Hungarian_Grand_Prix
392,2008,12,valencia,39.4589,-0.331667,Spain,2008-08-24,http://en.wikipedia.org/wiki/2008_European_Grand_Prix
393,2008,13,spa,50.4372,5.97139,Belgium,2008-09-07,http://en.wikipedia.org/wiki/2008_Belgian_Grand_Prix
394,2008,14,monza,45.6156,9.28111,Italy,2008-09-14,http://en.wikipedia.org/wiki/2008_Italian_Grand_Prix
395,2008,15,marina_bay,1.2914,103.864,Singapore,2008-09-28,http://en.wikipedia.org/wiki/2008_Singapore_Grand_Prix
396,2008,16,fuji,35.3717,138.927,Japan,2008-10-12,http://en.wikipedia.org/wiki/2008_Japanese_Grand_Prix
397,2008,17,shanghai,31.3389,121.22,China,2008-10-19,http://en.wikipedia.org/wiki/2008_Chinese_Grand_Prix
398,2008,18,interlagos,-23.7036,-46.6997,Brazil,2008-11-02,http://en.wikipedia.org/wiki/2008_Brazilian_Grand_Prix
399,2009,1,albert_park,-37.8497,144.968,Australia,2009-03-29,http://en.wikipedia.org/wiki/2009_Australian_Grand_Prix
400,2009,2,sepang,2.76083,101.738,Malaysia,2009-04-05,http://en.wikipedia.org/wiki/2009_Malaysian_Grand_Prix
401,2009,3,shanghai,31.3389,121.22,China,2009-04-19,http://en.wikipedia.org/wiki/2009_Chinese_Grand_Prix
402,2009,4,bahrain,26.0325,50.5106,Bahrain,2009-04-26,http://en.wikipedia.org/wiki/2009_Bahrain_Grand_Prix
403,2009,5,catalunya,41.57,2.26111,Spain,2009-05-10,http://en.wikipedia.org/wiki/2009_Spanish_Grand_Prix
404,2009,6,monaco,43.7347,7.42056,Monaco,2009-05-24,http://en.wikipedia.org/wiki/2009_Monaco_Grand_Prix
405,2009,7,istanbul,40.9517,29.405,Turkey,2009-06-07,http://en.wikipedia.org/wiki/2009_Turkish_Grand_Prix
406,2009,8,silverstone,52.0786,-1.01694,UK,2009-06-21,http://en.wikipedia.org/wiki/2009_British_Grand_Prix
407,2009,9,nurburgring,50.3356,6.9475,Germany,2009-07-12,http://en.wikipedia.org/wiki/2009_German_Grand_Prix
408,2009,10,hungaroring,47.5789,19.2486,Hungary,2009-07-26,http://en.wikipedia.org/wiki/2009_Hungarian_Grand_Prix
409,2009,11,valencia,39.4589,-0.331667,Spain,2009-08-23,http://en.wikipedia.org/wiki/2009_European_Grand_Prix
410,2009,12,spa,50.4372,5.97139,Belgium,2009-08-30,http://en.wikipedia.org/wiki/2009_Belgian_Grand_Prix
411,2009,13,monza,45.6156,9.28111,Italy,2009-09-13,http://en.wikipedia.org/wiki/2009_Italian_Grand_Prix
412,2009,14,marina_bay,1.2914,103.864,Singapore,2009-09-27,http://en.wikipedia.org/wiki/2009_Singapore_Grand_Prix
413,2009,15,suzuka,34.8431,136.541,Japan,2009-10-04,http://en.wikipedia.org/wiki/2009_Japanese_Grand_Prix
414,2009,16,interlagos,-23.7036,-46.6997,Brazil,2009-10-18,http://en.wikipedia.org/wiki/2009_Brazilian_Grand_Prix
415,2009,17,yas_marina,24.4672,54.6031,UAE,2009-11-01,http://en.wikipedia.org/wiki/2009_Abu_Dhabi_Grand_Prix
416,2010,1,bahrain,26.0325,50.5106,Bahrain,2010-03-14,http://en.wikipedia.org/wiki/2010_Bahrain_Grand_Prix
417,2010,2,albert_park,-37.8497,144.968,Australia,2010-03-28,http://en.wikipedia.org/wiki/2010_Australian_Grand_Prix
418,2010,3,sepang,2.76083,101.738,Malaysia,2010-04-04,http://en.wikipedia.org/wiki/2010_Malaysian_Grand_Prix
419,2010,4,shanghai,31.3389,121.22,China,2010-04-18,http://en.wikipedia.org/wiki/2010_Chinese_Grand_Prix
420,2010,5,catalunya,41.57,2.26111,Spain,2010-05-09,http://en.wikipedia.org/wiki/2010_Spanish_Grand_Prix
421,2010,6,monaco,43.7347,7.42056,Monaco,2010-05-16,http://en.wikipedia.org/wiki/2010_Monaco_Grand_Prix
422,2010,7,istanbul,40.9517,29.405,Turkey,2010-05-30,http://en.wikipedia.org/wiki/2010_Turkish_Grand_Prix
423,2010,8,villeneuve,45.5,-73.5228,Canada,2010-06-13,http://en.wikipedia.org/wiki/2010_Canadian_Grand_Prix
424,2010,9,valencia,39.4589,-0.331667,Spain,2010-06-27,http://en.wikipedia.org/wiki/2010_European_Grand_Prix
425,2010,10,silverstone,52.0786,-1.01694,UK,2010-07-11,http://en.wikipedia.org/wiki/2010_British_Grand_Prix
426,2010,11,hockenheimring,49.3278,8.56583,Germany,2010-07-25,http://en.wikipedia.org/wiki/2010_German_Grand_Prix
427,2010,12,hungaroring,47.5789,19.2486,Hungary,2010-08-01,http://en.wikipedia.org/wiki/2010_Hungarian_Grand_Prix
428,2010,13,spa,50.4372,5.97139,Belgium,2010-08-29,http://en.wikipedia.org/wiki/2010_Belgian_Grand_Prix
429,2010,14,monza,45.6156,9.28111,Italy,2010-09-12,http://en.wikipedia.org/wiki/2010_Italian_Grand_Prix
430,2010,15,marina_bay,1.2914,103.864,Singapore,2010-09-26,http://en.wikipedia.org/wiki/2010_Singapore_Grand_Prix
431,2010,16,suzuka,34.8431,136.541,Japan,2010-10-10,http://en.wikipedia.org/wiki/2010_Japanese_Grand_Prix
432,2010,17,yeongam,34.7333,126.417,Korea,2010-10-24,http://en.wikipedia.org/wiki/2010_Korean_Grand_Prix
433,2010,18,interlagos,-23.7036,-46.6997,Brazil,2010-11-07,http://en.wikipedia.org/wiki/2010_Brazilian_Grand_Prix
434,2010,19,yas_marina,24.4672,54.6031,UAE,2010-11-14,http://en.wikipedia.org/wiki/2010_Abu_Dhabi_Grand_Prix
435,2011,1,albert_park,-37.8497,144.968,Australia,2011-03-27,http://en.wikipedia.org/wiki/2011_Australian_Grand_Prix
436,2011,2,sepang,2.76083,101.738,Malaysia,2011-04-10,http://en.wikipedia.org/wiki/2011_Malaysian_Grand_Prix
437,2011,3,shanghai,31.3389,121.22,China,2011-04-17,http://en.wikipedia.org/wiki/2011_Chinese_Grand_Prix
438,2011,4,istanbul,40.9517,29.405,Turkey,2011-05-08,http://en.wikipedia.org/wiki/2011_Turkish_Grand_Prix
439,2011,5,catalunya,41.57,2.26111,Spain,2011-05-22,http://en.wikipedia.org/wiki/2011_Spanish_Grand_Prix
440,2011,6,monaco,43.7347,7.42056,Monaco,2011-05-29,http://en.wikipedia.org/wiki/2011_Monaco_Grand_Prix
441,2011,7,villeneuve,45.5,-73.5228,Canada,2011-06-12,http://en.wikipedia.org/wiki/2011_Canadian_Grand_Prix
442,2011,8,valencia,39.4589,-0.331667,Spain,2011-06-26,http://en.wikipedia.org/wiki/2011_European_Grand_Prix
443,2011,9,silverstone,52.0786,-1.01694,UK,2011-07-10,http://en.wikipedia.org/wiki/2011_British_Grand_Prix
444,2011,10,nurburgring,50.3356,6.9475,Germany,2011-07-24,http://en.wikipedia.org/wiki/2011_German_Grand_Prix
445,2011,11,hungaroring,47.5789,19.2486,Hungary,2011-07-31,http://en.wikipedia.org/wiki/2011_Hungarian_Grand_Prix
446,2011,12,spa,50.4372,5.97139,Belgium,2011-08-28,http://en.wikipedia.org/wiki/2011_Belgian_Grand_Prix
447,2011,13,monza,45.6156,9.28111,Italy,2011-09-11,http://en.wikipedia.org/wiki/2011_Italian_Grand_Prix
448,2011,14,marina_bay,1.2914,103.864,Singapore,2011-09-25,http://en.wikipedia.org/wiki/2011_Singapore_Grand_Prix
449,2011,15,suzuka,34.8431,136.541,Japan,2011-10-09,http://en.wikipedia.org/wiki/2011_Japanese_Grand_Prix
450,2011,16,yeongam,34.7333,126.417,Korea,2011-10-16,http://en.wikipedia.org/wiki/2011_Korean_Grand_Prix
451,2011,17,buddh,28.3487,77.5331,India,2011-10-30,http://en.wikipedia.org/wiki/2011_Indian_Grand_Prix
452,2011,18,yas_marina,24.4672,54.6031,UAE,2011-11-13,http://en.wikipedia.org/wiki/2011_Abu_Dhabi_Grand_Prix
453,2011,19,interlagos,-23.7036,-46.6997,Brazil,2011-11-27,http://en.wikipedia.org/wiki/2011_Brazilian_Grand_Prix
454,2012,1,albert_park,-37.8497,144.968,Australia,2012-03-18,http://en.wikipedia.org/wiki/2012_Australian_Grand_Prix
455,2012,2,sepang,2.76083,101.738,Malaysia,2012-03-25,http://en.wikipedia.org/wiki/2012_Malaysian_Grand_Prix
456,2012,3,shanghai,31.3389,121.22,China,2012-04-15,http://en.wikipedia.org/wiki/2012_Chinese_Grand_Prix
457,2012,4,bahrain,26.0325,50.5106,Bahrain,2012-04-22,http://en.wikipedia.org/wiki/2012_Bahrain_Grand_Prix
458,2012,5,catalunya,41.57,2.26111,Spain,2012-05-13,http://en.wikipedia.org/wiki/2012_Spanish_Grand_Prix
459,2012,6,monaco,43.7347,7.42056,Monaco,2012-05-27,http://en.wikipedia.org/wiki/2012_Monaco_Grand_Prix
460,2012,7,villeneuve,45.5,-73.5228,Canada,2012-06-10,http://en.wikipedia.org/wiki/2012_Canadian_Grand_Prix
461,2012,8,valencia,39.4589,-0.331667,Spain,2012-06-24,http://en.wikipedia.org/wiki/2012_European_Grand_Prix
462,2012,9,silverstone,52.0786,-1.01694,UK,2012-07-08,http://en.wikipedia.org/wiki/2012_British_Grand_Prix
463,2012,10,hockenheimring,49.3278,8.56583,Germany,2012-07-22,http://en.wikipedia.org/wiki/2012_German_Grand_Prix
464,2012,11,hungaroring,47.5789,19.2486,Hungary,2012-07-29,http://en.wikipedia.org/wiki/2012_Hungarian_Grand_Prix
465,2012,12,spa,50.4372,5.97139,Belgium,2012-09-02,http://en.wikipedia.org/wiki/2012_Belgian_Grand_Prix
466,2012,13,monza,45.6156,9.28111,Italy,2012-09-09,http://en.wikipedia.org/wiki/2012_Italian_Grand_Prix
467,2012,14,marina_bay,1.2914,103.864,Singapore,2012-09-23,http://en.wikipedia.org/wiki/2012_Singapore_Grand_Prix
468,2012,15,suzuka,34.8431,136.541,Japan,2012-10-07,http://en.wikipedia.org/wiki/2012_Japanese_Grand_Prix
469,2012,16,yeongam,34.7333,126.417,Korea,2012-10-14,http://en.wikipedia.org/wiki/2012_Korean_Grand_Prix
470,2012,17,buddh,28.3487,77.5331,India,2012-10-28,http://en.wikipedia.org/wiki/2012_Indian_Grand_Prix
471,2012,18,yas_marina,24.4672,54.6031,UAE,2012-11-04,http://en.wikipedia.org/wiki/2012_Abu_Dhabi_Grand_Prix
472,2012,19,americas,30.1328,-97.6411,USA,2012-11-18,http://en.wikipedia.org/wiki/2012_United_States_Grand_Prix
473,2012,20,interlagos,-23.7036,-46.6997,Brazil,2012-11-25,http://en.wikipedia.org/wiki/2012_Brazilian_Grand_Prix
474,2013,1,albert_park,-37.8497,144.968,Australia,2013-03-17,http://en.wikipedia.org/wiki/2013_Australian_Grand_Prix
475,2013,2,sepang,2.76083,101.738,Malaysia,2013-03-24,http://en.wikipedia.org/wiki/2013_Malaysian_Grand_Prix
476,2013,3,shanghai,31.3389,121.22,China,2013-04-14,http://en.wikipedia.org/wiki/2013_Chinese_Grand_Prix
477,2013,4,bahrain,26.0325,50.5106,Bahrain,2013-04-21,http://en.wikipedia.org/wiki/2013_Bahrain_Grand_Prix
478,2013,5,catalunya,41.57,2.26111,Spain,2013-05-12,http://en.wikipedia.org/wiki/2013_Spanish_Grand_Prix
479,2013,6,monaco,43.7347,7.42056,Monaco,2013-05-26,http://en.wikipedia.org/wiki/2013_Monaco_Grand_Prix
480,2013,7,villeneuve,45.5,-73.5228,Canada,2013-06-09,http://en.wikipedia.org/wiki/2013_Canadian_Grand_Prix
481,2013,8,silverstone,52.0786,-1.01694,UK,2013-06-30,http://en.wikipedia.org/wiki/2013_British_Grand_Prix
482,2013,9,nurburgring,50.3356,6.9475,Germany,2013-07-07,http://en.wikipedia.org/wiki/2013_German_Grand_Prix
483,2013,10,hungaroring,47.5789,19.2486,Hungary,2013-07-28,http://en.wikipedia.org/wiki/2013_Hungarian_Grand_Prix
484,2013,11,spa,50.4372,5.97139,Belgium,2013-08-25,http://en.wikipedia.org/wiki/2013_Belgian_Grand_Prix
485,2013,12,monza,45.6156,9.28111,Italy,2013-09-08,http://en.wikipedia.org/wiki/2013_Italian_Grand_Prix
486,2013,13,marina_bay,1.2914,103.864,Singapore,2013-09-22,http://en.wikipedia.org/wiki/2013_Singapore_Grand_Prix
487,2013,14,yeongam,34.7333,126.417,Korea,2013-10-06,http://en.wikipedia.org/wiki/2013_Korean_Grand_Prix
488,2013,15,suzuka,34.8431,136.541,Japan,2013-10-13,http://en.wikipedia.org/wiki/2013_Japanese_Grand_Prix
489,2013,16,buddh,28.3487,77.5331,India,2013-10-27,http://en.wikipedia.org/wiki/2013_Indian_Grand_Prix
490,2013,17,yas_marina,24.4672,54.6031,UAE,2013-11-03,http://en.wikipedia.org/wiki/2013_Abu_Dhabi_Grand_Prix
491,2013,18,americas,30.1328,-97.6411,USA,2013-11-17,http://en.wikipedia.org/wiki/2013_United_States_Grand_Prix
492,2013,19,interlagos,-23.7036,-46.6997,Brazil,2013-11-24,http://en.wikipedia.org/wiki/2013_Brazilian_Grand_Prix
493,2014,1,albert_park,-37.8497,144.968,Australia,2014-03-16,http://en.wikipedia.org/wiki/2014_Australian_Grand_Prix
494,2014,2,sepang,2.76083,101.738,Malaysia,2014-03-30,http://en.wikipedia.org/wiki/2014_Malaysian_Grand_Prix
495,2014,3,bahrain,26.0325,50.5106,Bahrain,2014-04-06,http://en.wikipedia.org/wiki/2014_Bahrain_Grand_Prix
496,2014,4,shanghai,31.3389,121.22,China,2014-04-20,http://en.wikipedia.org/wiki/2014_Chinese_Grand_Prix
497,2014,5,catalunya,41.57,2.26111,Spain,2014-05-11,http://en.wikipedia.org/wiki/2014_Spanish_Grand_Prix
498,2014,6,monaco,43.7347,7.42056,Monaco,2014-05-25,http://en.wikipedia.org/wiki/2014_Monaco_Grand_Prix
499,2014,7,villeneuve,45.5,-73.5228,Canada,2014-06-08,http://en.wikipedia.org/wiki/2014_Canadian_Grand_Prix
500,2014,8,red_bull_ring,47.2197,14.7647,Austria,2014-06-22,http://en.wikipedia.org/wiki/2014_Austrian_Grand_Prix
501,2014,9,silverstone,52.0786,-1.01694,UK,2014-07-06,http://en.wikipedia.org/wiki/2014_British_Grand_Prix
502,2014,10,hockenheimring,49.3278,8.56583,Germany,2014-07-20,http://en.wikipedia.org/wiki/2014_German_Grand_Prix
503,2014,11,hungaroring,47.5789,19.2486,Hungary,2014-07-27,http://en.wikipedia.org/wiki/2014_Hungarian_Grand_Prix
504,2014,12,spa,50.4372,5.97139,Belgium,2014-08-24,http://en.wikipedia.org/wiki/2014_Belgian_Grand_Prix
505,2014,13,monza,45.6156,9.28111,Italy,2014-09-07,http://en.wikipedia.org/wiki/2014_Italian_Grand_Prix
506,2014,14,marina_bay,1.2914,103.864,Singapore,2014-09-21,http://en.wikipedia.org/wiki/2014_Singapore_Grand_Prix
507,2014,15,suzuka,34.8431,136.541,Japan,2014-10-05,http://en.wikipedia.org/wiki/2014_Japanese_Grand_Prix
508,2014,16,sochi,43.4057,39.9578,Russia,2014-10-12,http://en.wikipedia.org/wiki/2014_Russian_Grand_Prix
509,2014,17,americas,30.1328,-97.6411,USA,2014-11-02,http://en.wikipedia.org/wiki/2014_United_States_Grand_Prix
510,2014,18,interlagos,-23.7036,-46.6997,Brazil,2014-11-09,http://en.wikipedia.org/wiki/2014_Brazilian_Grand_Prix
511,2014,19,yas_marina,24.4672,54.6031,UAE,2014-11-23,http://en.wikipedia.org/wiki/2014_Abu_Dhabi_Grand_Prix
512,2015,1,albert_park,-37.8497,144.968,Australia,2015-03-15,http://en.wikipedia.org/wiki/2015_Australian_Grand_Prix
513,2015,2,sepang,2.76083,101.738,Malaysia,2015-03-29,http://en.wikipedia.org/wiki/2015_Malaysian_Grand_Prix
514,2015,3,shanghai,31.3389,121.22,China,2015-04-12,http://en.wikipedia.org/wiki/2015_Chinese_Grand_Prix
515,2015,4,bahrain,26.0325,50.5106,Bahrain,2015-04-19,http://en.wikipedia.org/wiki/2015_Bahrain_Grand_Prix
516,2015,5,catalunya,41.57,2.26111,Spain,2015-05-10,http://en.wikipedia.org/wiki/2015_Spanish_Grand_Prix
517,2015,6,monaco,43.7347,7.42056,Monaco,2015-05-24,http://en.wikipedia.org/wiki/2015_Monaco_Grand_Prix
518,2015,7,villeneuve,45.5,-73.5228,Canada,2015-06-07,http://en.wikipedia.org/wiki/2015_Canadian_Grand_Prix
519,2015,8,red_bull_ring,47.2197,14.7647,Austria,2015-06-21,http://en.wikipedia.org/wiki/2015_Austrian_Grand_Prix
520,2015,9,silverstone,52.0786,-1.01694,UK,2015-07-05,http://en.wikipedia.org/wiki/2015_British_Grand_Prix
521,2015,10,hungaroring,47.5789,19.2486,Hungary,2015-07-26,http://en.wikipedia.org/wiki/2015_Hungarian_Grand_Prix
522,2015,11,spa,50.4372,5.97139,Belgium,2015-08-23,http://en.wikipedia.org/wiki/2015_Belgian_Grand_Prix
523,2015,12,monza,45.6156,9.28111,Italy,2015-09-06,http://en.wikipedia.org/wiki/2015_Italian_Grand_Prix
524,2015,13,marina_bay,1.2914,103.864,Singapore,2015-09-20,http://en.wikipedia.org/wiki/2015_Singapore_Grand_Prix
525,2015,14,suzuka,34.8431,136.541,Japan,2015-09-27,http://en.wikipedia.org/wiki/2015_Japanese_Grand_Prix
526,2015,15,sochi,43.4057,39.9578,Russia,2015-10-11,http://en.wikipedia.org/wiki/2015_Russian_Grand_Prix
527,2015,16,americas,30.1328,-97.6411,USA,2015-10-25,http://en.wikipedia.org/wiki/2015_United_States_Grand_Prix
528,2015,17,rodriguez,19.4042,-99.0907,Mexico,2015-11-01,http://en.wikipedia.org/wiki/2015_Mexican_Grand_Prix
529,2015,18,interlagos,-23.7036,-46.6997,Brazil,2015-11-15,http://en.wikipedia.org/wiki/2015_Brazilian_Grand_Prix
530,2015,19,yas_marina,24.4672,54.6031,UAE,2015-11-29,http://en.wikipedia.org/wiki/2015_Abu_Dhabi_Grand_Prix
531,2016,1,albert_park,-37.8497,144.968,Australia,2016-03-20,http://en.wikipedia.org/wiki/2016_Australian_Grand_Prix
532,2016,2,bahrain,26.0325,50.5106,Bahrain,2016-04-03,http://en.wikipedia.org/wiki/2016_Bahrain_Grand_Prix
533,2016,3,shanghai,31.3389,121.22,China,2016-04-17,http://en.wikipedia.org/wiki/2016_Chinese_Grand_Prix
534,2016,4,sochi,43.4057,39.9578,Russia,2016-05-01,http://en.wikipedia.org/wiki/2016_Russian_Grand_Prix
535,2016,5,catalunya,41.57,2.26111,Spain,2016-05-15,http://en.wikipedia.org/wiki/2016_Spanish_Grand_Prix
536,2016,6,monaco,43.7347,7.42056,Monaco,2016-05-29,http://en.wikipedia.org/wiki/2016_Monaco_Grand_Prix
537,2016,7,villeneuve,45.5,-73.5228,Canada,2016-06-12,http://en.wikipedia.org/wiki/2016_Canadian_Grand_Prix
538,2016,8,BAK,40.3725,49.8533,Azerbaijan,2016-06-19,http://en.wikipedia.org/wiki/2016_European_Grand_Prix
539,2016,9,red_bull_ring,47.2197,14.7647,Austria,2016-07-03,http://en.wikipedia.org/wiki/2016_Austrian_Grand_Prix
540,2016,10,silverstone,52.0786,-1.01694,UK,2016-07-10,http://en.wikipedia.org/wiki/2016_British_Grand_Prix
541,2016,11,hungaroring,47.5789,19.2486,Hungary,2016-07-24,http://en.wikipedia.org/wiki/2016_Hungarian_Grand_Prix
542,2016,12,hockenheimring,49.3278,8.56583,Germany,2016-07-31,http://en.wikipedia.org/wiki/2016_German_Grand_Prix
543,2016,13,spa,50.4372,5.97139,Belgium,2016-08-28,http://en.wikipedia.org/wiki/2016_Belgian_Grand_Prix
544,2016,14,monza,45.6156,9.28111,Italy,2016-09-04,http://en.wikipedia.org/wiki/2016_Italian_Grand_Prix
545,2016,15,marina_bay,1.2914,103.864,Singapore,2016-09-18,http://en.wikipedia.org/wiki/2016_Singapore_Grand_Prix
546,2016,16,sepang,2.76083,101.738,Malaysia,2016-10-02,http://en.wikipedia.org/wiki/2016_Malaysian_Grand_Prix
547,2016,17,suzuka,34.8431,136.541,Japan,2016-10-09,http://en.wikipedia.org/wiki/2016_Japanese_Grand_Prix
548,2016,18,americas,30.1328,-97.6411,USA,2016-10-23,http://en.wikipedia.org/wiki/2016_United_States_Grand_Prix
549,2016,19,rodriguez,19.4042,-99.0907,Mexico,2016-10-30,http://en.wikipedia.org/wiki/2016_Mexican_Grand_Prix
550,2016,20,interlagos,-23.7036,-46.6997,Brazil,2016-11-13,http://en.wikipedia.org/wiki/2016_Brazilian_Grand_Prix
551,2016,21,yas_marina,24.4672,54.6031,UAE,2016-11-27,http://en.wikipedia.org/wiki/2016_Abu_Dhabi_Grand_Prix
552,2017,1,albert_park,-37.8497,144.968,Australia,2017-03-26,http://en.wikipedia.org/wiki/2017_Australian_Grand_Prix
553,2017,2,shanghai,31.3389,121.22,China,2017-04-09,http://en.wikipedia.org/wiki/2017_Chinese_Grand_Prix
554,2017,3,bahrain,26.0325,50.5106,Bahrain,2017-04-16,http://en.wikipedia.org/wiki/2017_Bahrain_Grand_Prix
555,2017,4,sochi,43.4057,39.9578,Russia,2017-04-30,http://en.wikipedia.org/wiki/2017_Russian_Grand_Prix
556,2017,5,catalunya,41.57,2.26111,Spain,2017-05-14,http://en.wikipedia.org/wiki/2017_Spanish_Grand_Prix
557,2017,6,monaco,43.7347,7.42056,Monaco,2017-05-28,http://en.wikipedia.org/wiki/2017_Monaco_Grand_Prix
558,2017,7,villeneuve,45.5,-73.5228,Canada,2017-06-11,http://en.wikipedia.org/wiki/2017_Canadian_Grand_Prix
559,2017,8,BAK,40.3725,49.8533,Azerbaijan,2017-06-25,http://en.wikipedia.org/wiki/2017_Azerbaijan_Grand_Prix
560,2017,9,red_bull_ring,47.2197,14.7647,Austria,2017-07-09,http://en.wikipedia.org/wiki/2017_Austrian_Grand_Prix
561,2017,10,silverstone,52.0786,-1.01694,UK,2017-07-16,http://en.wikipedia.org/wiki/2017_British_Grand_Prix
562,2017,11,hungaroring,47.5789,19.2486,Hungary,2017-07-30,http://en.wikipedia.org/wiki/2017_Hungarian_Grand_Prix
563,2017,12,spa,50.4372,5.97139,Belgium,2017-08-27,http://en.wikipedia.org/wiki/2017_Belgian_Grand_Prix
564,2017,13,monza,45.6156,9.28111,Italy,2017-09-03,http://en.wikipedia.org/wiki/2017_Italian_Grand_Prix
565,2017,14,marina_bay,1.2914,103.864,Singapore,2017-09-17,http://en.wikipedia.org/wiki/2017_Singapore_Grand_Prix
566,2017,15,sepang,2.76083,101.738,Malaysia,2017-10-01,http://en.wikipedia.org/wiki/2017_Malaysian_Grand_Prix
567,2017,16,suzuka,34.8431,136.541,Japan,2017-10-08,http://en.wikipedia.org/wiki/2017_Japanese_Grand_Prix
568,2017,17,americas,30.1328,-97.6411,USA,2017-10-22,http://en.wikipedia.org/wiki/2017_United_States_Grand_Prix
569,2017,18,rodriguez,19.4042,-99.0907,Mexico,2017-10-29,http://en.wikipedia.org/wiki/2017_Mexican_Grand_Prix
570,2017,19,interlagos,-23.7036,-46.6997,Brazil,2017-11-12,http://en.wikipedia.org/wiki/2017_Brazilian_Grand_Prix
571,2017,20,yas_marina,24.4672,54.6031,UAE,2017-11-26,http://en.wikipedia.org/wiki/2017_Abu_Dhabi_Grand_Prix
572,2018,1,albert_park,-37.8497,144.968,Australia,2018-03-25,http://en.wikipedia.org/wiki/2018_Australian_Grand_Prix
573,2018,2,bahrain,26.0325,50.5106,Bahrain,2018-04-08,http://en.wikipedia.org/wiki/2018_Bahrain_Grand_Prix
574,2018,3,shanghai,31.3389,121.22,China,2018-04-15,http://en.wikipedia.org/wiki/2018_Chinese_Grand_Prix
575,2018,4,BAK,40.3725,49.8533,Azerbaijan,2018-04-29,http://en.wikipedia.org/wiki/2018_Azerbaijan_Grand_Prix
576,2018,5,catalunya,41.57,2.26111,Spain,2018-05-13,http://en.wikipedia.org/wiki/2018_Spanish_Grand_Prix
577,2018,6,monaco,43.7347,7.42056,Monaco,2018-05-27,http://en.wikipedia.org/wiki/2018_Monaco_Grand_Prix
578,2018,7,villeneuve,45.5,-73.5228,Canada,2018-06-10,http://en.wikipedia.org/wiki/2018_Canadian_Grand_Prix
579,2018,8,ricard,43.2506,5.79167,France,2018-06-24,http://en.wikipedia.org/wiki/2018_French_Grand_Prix
580,2018,9,red_bull_ring,47.2197,14.7647,Austria,2018-07-01,http://en.wikipedia.org/wiki/2018_Austrian_Grand_Prix
581,2018,10,silverstone,52.0786,-1.01694,UK,2018-07-08,http://en.wikipedia.org/wiki/2018_British_Grand_Prix
582,2018,11,hockenheimring,49.3278,8.56583,Germany,2018-07-22,http://en.wikipedia.org/wiki/2018_German_Grand_Prix
583,2018,12,hungaroring,47.5789,19.2486,Hungary,2018-07-29,http://en.wikipedia.org/wiki/2018_Hungarian_Grand_Prix
584,2018,13,spa,50.4372,5.97139,Belgium,2018-08-26,http://en.wikipedia.org/wiki/2018_Belgian_Grand_Prix
585,2018,14,monza,45.6156,9.28111,Italy,2018-09-02,http://en.wikipedia.org/wiki/2018_Italian_Grand_Prix
586,2018,15,marina_bay,1.2914,103.864,Singapore,2018-09-16,http://en.wikipedia.org/wiki/2018_Singapore_Grand_Prix
587,2018,16,sochi,43.4057,39.9578,Russia,2018-09-30,http://en.wikipedia.org/wiki/2018_Russian_Grand_Prix
588,2018,17,suzuka,34.8431,136.541,Japan,2018-10-07,http://en.wikipedia.org/wiki/2018_Japanese_Grand_Prix
589,2018,18,americas,30.1328,-97.6411,USA,2018-10-21,http://en.wikipedia.org/wiki/2018_United_States_Grand_Prix
590,2018,19,rodriguez,19.4042,-99.0907,Mexico,2018-10-28,http://en.wikipedia.org/wiki/2018_Mexican_Grand_Prix
591,2018,20,interlagos,-23.7036,-46.6997,Brazil,2018-11-11,http://en.wikipedia.org/wiki/2018_Brazilian_Grand_Prix
592,2018,21,yas_marina,24.4672,54.6031,UAE,2018-11-25,http://en.wikipedia.org/wiki/2018_Abu_Dhabi_Grand_Prix
593,2019,1,albert_park,-37.8497,144.968,Australia,2019-03-17,http://en.wikipedia.org/wiki/2019_Australian_Grand_Prix
594,2019,2,bahrain,26.0325,50.5106,Bahrain,2019-03-31,http://en.wikipedia.org/wiki/2019_Bahrain_Grand_Prix
595,2019,3,shanghai,31.3389,121.22,China,2019-04-14,http://en.wikipedia.org/wiki/2019_Chinese_Grand_Prix
596,2019,4,BAK,40.3725,49.8533,Azerbaijan,2019-04-28,http://en.wikipedia.org/wiki/2019_Azerbaijan_Grand_Prix
597,2019,5,catalunya,41.57,2.26111,Spain,2019-05-12,http://en.wikipedia.org/wiki/2019_Spanish_Grand_Prix
598,2019,6,monaco,43.7347,7.42056,Monaco,2019-05-26,http://en.wikipedia.org/wiki/2019_Monaco_Grand_Prix
599,2019,7,villeneuve,45.5,-73.5228,Canada,2019-06-09,http://en.wikipedia.org/wiki/2019_Canadian_Grand_Prix
600,2019,8,ricard,43.2506,5.79167,France,2019-06-23,http://en.wikipedia.org/wiki/2019_French_Grand_Prix
601,2019,9,red_bull_ring,47.2197,14.7647,Austria,2019-06-30,http://en.wikipedia.org/wiki/2019_Austrian_Grand_Prix
602,2019,10,silverstone,52.0786,-1.01694,UK,2019-07-14,http://en.wikipedia.org/wiki/2019_British_Grand_Prix
603,2019,11,hockenheimring,49.3278,8.56583,Germany,2019-07-28,http://en.wikipedia.org/wiki/2019_German_Grand_Prix
604,2019,12,hungaroring,47.5789,19.2486,Hungary,2019-08-04,http://en.wikipedia.org/wiki/2019_Hungarian_Grand_Prix
605,2019,13,spa,50.4372,5.97139,Belgium,2019-09-01,http://en.wikipedia.org/wiki/2019_Belgian_Grand_Prix
606,2019,14,monza,45.6156,9.28111,Italy,2019-09-08,http://en.wikipedia.org/wiki/2019_Italian_Grand_Prix
607,2019,15,marina_bay,1.2914,103.864,Singapore,2019-09-22,http://en.wikipedia.org/wiki/2019_Singapore_Grand_Prix
608,2019,16,sochi,43.4057,39.9578,Russia,2019-09-29,http://en.wikipedia.org/wiki/2019_Russian_Grand_Prix
609,2019,17,suzuka,34.8431,136.541,Japan,2019-10-13,http://en.wikipedia.org/wiki/2019_Japanese_Grand_Prix
610,2019,18,rodriguez,19.4042,-99.0907,Mexico,2019-10-27,http://en.wikipedia.org/wiki/2019_Mexican_Grand_Prix
611,2019,19,americas,30.1328,-97.6411,USA,2019-11-03,http://en.wikipedia.org/wiki/2019_United_States_Grand_Prix
612,2019,20,interlagos,-23.7036,-46.6997,Brazil,2019-11-17,http://en.wikipedia.org/wiki/2019_Brazilian_Grand_Prix
613,2019,21,yas_marina,24.4672,54.6031,UAE,2019-12-01,http://en.wikipedia.org/wiki/2019_Abu_Dhabi_Grand_Prix
614,2020,1,red_bull_ring,47.2197,14.7647,Austria,2020-07-05,http://en.wikipedia.org/wiki/2020_Austrian_Grand_Prix
615,2020,2,red_bull_ring,47.2197,14.7647,Austria,2020-07-12,http://en.wikipedia.org/wiki/2020_Styrian_Grand_Prix
616,2020,3,hungaroring,47.5789,19.2486,Hungary,2020-07-19,http://en.wikipedia.org/wiki/2020_Hungarian_Grand_Prix
617,2020,4,silverstone,52.0786,-1.01694,UK,2020-08-02,http://en.wikipedia.org/wiki/2020_British_Grand_Prix
618,2020,5,silverstone,52.0786,-1.01694,UK,2020-08-09,http://en.wikipedia.org/wiki/70th_Anniversary_Grand_Prix
619,2020,6,catalunya,41.57,2.26111,Spain,2020-08-16,http://en.wikipedia.org/wiki/2020_Spanish_Grand_Prix
620,2020,7,spa,50.4372,5.97139,Belgium,2020-08-30,http://en.wikipedia.org/wiki/2020_Belgian_Grand_Prix
621,2020,8,monza,45.6156,9.28111,Italy,2020-09-06,http://en.wikipedia.org/wiki/2020_Italian_Grand_Prix
622,2020,9,mugello,43.9975,11.3719,Italy,2020-09-13,http://en.wikipedia.org/wiki/2020_Tuscan_Grand_Prix
623,2020,10,sochi,43.4057,39.9578,Russia,2020-09-27,http://en.wikipedia.org/wiki/2020_Russian_Grand_Prix
624,2020,11,nurburgring,50.3356,6.9475,Germany,2020-10-11,http://en.wikipedia.org/wiki/2020_Eifel_Grand_Prix
625,2020,12,portimao,37.227,-8.6267,Portugal,2020-10-25,http://en.wikipedia.org/wiki/2020_Portuguese_Grand_Prix
626,2020,13,imola,44.3439,11.7167,Italy,2020-11-01,http://en.wikipedia.org/wiki/2020_Emilia_Romagna_Grand_Prix
627,2020,14,istanbul,40.9517,29.405,Turkey,2020-11-15,http://en.wikipedia.org/wiki/2020_Turkish_Grand_Prix
628,2020,15,bahrain,26.0325,50.5106,Bahrain,2020-11-29,http://en.wikipedia.org/wiki/2020_Bahrain_Grand_Prix
629,2020,16,bahrain,26.0325,50.5106,Bahrain,2020-12-06,http://en.wikipedia.org/wiki/2020_Sakhir_Grand_Prix
630,2020,17,yas_marina,24.4672,54.6031,UAE,2020-12-13,http://en.wikipedia.org/wiki/2020_Abu_Dhabi_Grand_Prix
631,2021,1,bahrain,26.0325,50.5106,Bahrain,2021-03-28,http://en.wikipedia.org/wiki/2021_Bahrain_Grand_Prix
632,2021,2,imola,44.3439,11.7167,Italy,2021-04-18,http://en.wikipedia.org/wiki/2021_Emilia_Romagna_Grand_Prix
633,2021,3,portimao,37.227,-8.6267,Portugal,2021-05-02,http://en.wikipedia.org/wiki/2021_Portuguese_Grand_Prix
634,2021,4,catalunya,41.57,2.26111,Spain,2021-05-09,http://en.wikipedia.org/wiki/2021_Spanish_Grand_Prix
635,2021,5,monaco,43.7347,7.42056,Monaco,2021-05-23,http://en.wikipedia.org/wiki/2021_Monaco_Grand_Prix
636,2021,6,BAK,40.3725,49.8533,Azerbaijan,2021-06-06,http://en.wikipedia.org/wiki/2021_Azerbaijan_Grand_Prix
637,2021,7,ricard,43.2506,5.79167,France,2021-06-20,http://en.wikipedia.org/wiki/2021_French_Grand_Prix
638,2021,8,red_bull_ring,47.2197,14.7647,Austria,2021-06-27,http://en.wikipedia.org/wiki/2021_Styrian_Grand_Prix
639,2021,9,red_bull_ring,47.2197,14.7647,Austria,2021-07-04,http://en.wikipedia.org/wiki/2021_Austrian_Grand_Prix
640,2021,10,silverstone,52.0786,-1.01694,UK,2021-07-18,http://en.wikipedia.org/wiki/2021_British_Grand_Prix
641,2021,11,hungaroring,47.5789,19.2486,Hungary,2021-08-01,http://en.wikipedia.org/wiki/2021_Hungarian_Grand_Prix
642,2021,12,spa,50.4372,5.97139,Belgium,2021-08-29,http://en.wikipedia.org/wiki/2021_Belgian_Grand_Prix
643,2021,13,zandvoort,52.3888,4.54092,Netherlands,2021-09-05,http://en.wikipedia.org/wiki/2021_Dutch_Grand_Prix
644,2021,14,monza,45.6156,9.28111,Italy,2021-09-12,http://en.wikipedia.org/wiki/2021_Italian_Grand_Prix
645,2021,15,sochi,43.4057,39.9578,Russia,2021-09-26,http://en.wikipedia.org/wiki/2021_Russian_Grand_Prix
646,2021,16,istanbul,40.9517,29.405,Turkey,2021-10-10,http://en.wikipedia.org/wiki/2021_Turkish_Grand_Prix
647,2021,17,americas,30.1328,-97.6411,USA,2021-10-24,http://en.wikipedia.org/wiki/2021_United_States_Grand_Prix
648,2021,18,rodriguez,19.4042,-99.0907,Mexico,2021-11-07,http://en.wikipedia.org/wiki/2021_Mexican_Grand_Prix
649,2021,19,interlagos,-23.7036,-46.6997,Brazil,2021-11-14,http://en.wikipedia.org/wiki/2021_S%C3%A3o_Paulo_Grand_Prix
650,2021,20,losail,25.49,51.4542,Qatar,2021-11-21,http://en.wikipedia.org/wiki/2021_Qatar_Grand_Prix
651,2021,21,jeddah,21.6319,39.1044,Saudi Arabia,2021-12-05,http://en.wikipedia.org/wiki/2021_Saudi_Arabian_Grand_Prix
652,2021,22,yas_marina,24.4672,54.6031,UAE,2021-12-12,http://en.wikipedia.org/wiki/2021_Abu_Dhabi_Grand_Prix
